qubits,depth,seed,mod,basis,check,result,time
1,5,0,gm,comp,cyclic,False,0.0061321258544921
1,5,0,gm,pauli,cyc_lin,False,0.0020742416381835
1,5,0,gm,pauli,cyclic,False,0.0059871673583984
1,5,0,gm,pauli,linear,False,0.0025665760040283
1,5,0,opt,comp,cyclic,True,0.0068268775939941
1,5,0,opt,pauli,cyc_lin,True,0.0060579776763916
1,5,0,opt,pauli,cyclic,True,0.006598949432373
1,5,0,opt,pauli,linear,True,0.0024471282958984
1,5,1,gm,comp,cyclic,False,0.0015592575073242
1,5,1,gm,pauli,cyc_lin,False,0.0053551197052001
1,5,1,gm,pauli,cyclic,False,0.0052711963653564
1,5,1,gm,pauli,linear,False,0.0053973197937011
1,5,1,opt,comp,cyclic,True,0.0024282932281494
1,5,1,opt,pauli,cyc_lin,True,0.0054759979248046
1,5,1,opt,pauli,cyclic,True,0.0058426856994628
1,5,1,opt,pauli,linear,True,0.0057933330535888
1,5,2,gm,comp,cyclic,False,0.0068531036376953
1,5,2,gm,pauli,cyc_lin,False,0.007138967514038
1,5,2,gm,pauli,cyclic,False,0.0072853565216064
1,5,2,gm,pauli,linear,False,0.0026676654815673
1,5,2,opt,comp,cyclic,True,0.0072808265686035
1,5,2,opt,pauli,cyc_lin,True,0.0074024200439453
1,5,2,opt,pauli,cyclic,True,0.0073657035827636
1,5,2,opt,pauli,linear,True,0.0068533420562744
1,5,3,gm,comp,cyclic,False,0.0026485919952392
1,5,3,gm,pauli,cyc_lin,False,0.006960391998291
1,5,3,gm,pauli,cyclic,False,0.0065462589263916
1,5,3,gm,pauli,linear,False,0.0025370121002197
1,5,3,opt,comp,cyclic,True,0.006608247756958
1,5,3,opt,pauli,cyc_lin,True,0.0067799091339111
1,5,3,opt,pauli,cyclic,True,0.0069308280944824
1,5,3,opt,pauli,linear,True,0.0065605640411376
1,5,4,gm,comp,cyclic,False,0.0020174980163574
1,5,4,gm,pauli,cyc_lin,False,0.0058441162109375
1,5,4,gm,pauli,cyclic,False,0.0057237148284912
1,5,4,gm,pauli,linear,False,0.0058751106262207
1,5,4,opt,comp,cyclic,True,0.0025827884674072
1,5,4,opt,pauli,cyc_lin,True,0.0055170059204101
1,5,4,opt,pauli,cyclic,True,0.0061469078063964
1,5,4,opt,pauli,linear,True,0.0062944889068603
1,5,5,gm,comp,cyclic,False,0.0022475719451904
1,5,5,gm,pauli,cyc_lin,False,0.0061805248260498
1,5,5,gm,pauli,cyclic,False,0.0061688423156738
1,5,5,gm,pauli,linear,False,0.0061104297637939
1,5,5,opt,comp,cyclic,True,0.0026583671569824
1,5,5,opt,pauli,cyc_lin,True,0.0067873001098632
1,5,5,opt,pauli,cyclic,True,0.0071148872375488
1,5,5,opt,pauli,linear,True,0.0065255165100097
1,5,6,gm,comp,cyclic,False,0.0022974014282226
1,5,6,gm,pauli,cyc_lin,False,0.0018739700317382
1,5,6,gm,pauli,cyclic,False,0.0061283111572265
1,5,6,gm,pauli,linear,False,0.0023331642150878
1,5,6,opt,comp,cyclic,True,0.0027229785919189
1,5,6,opt,pauli,cyc_lin,True,0.0060429573059082
1,5,6,opt,pauli,cyclic,True,0.0066783428192138
1,5,6,opt,pauli,linear,True,0.0025029182434082
1,5,7,gm,comp,cyclic,False,0.0018990039825439
1,5,7,gm,pauli,cyc_lin,False,0.0060160160064697
1,5,7,gm,pauli,cyclic,False,0.0055072307586669
1,5,7,gm,pauli,linear,False,0.0058045387268066
1,5,7,opt,comp,cyclic,True,0.0025775432586669
1,5,7,opt,pauli,cyc_lin,True,0.0058753490447998
1,5,7,opt,pauli,cyclic,True,0.0063450336456298
1,5,7,opt,pauli,linear,True,0.0064282417297363
1,5,8,gm,comp,cyclic,False,0.006387710571289
1,5,8,gm,pauli,cyc_lin,False,0.0016858577728271
1,5,8,gm,pauli,cyclic,False,0.0064291954040527
1,5,8,gm,pauli,linear,False,0.0021562576293945
1,5,8,opt,comp,cyclic,True,0.0062155723571777
1,5,8,opt,pauli,cyc_lin,True,0.0057489871978759
1,5,8,opt,pauli,cyclic,True,0.0060203075408935
1,5,8,opt,pauli,linear,True,0.002324104309082
1,5,9,gm,comp,cyclic,False,0.0053467750549316
1,5,9,gm,pauli,cyc_lin,False,0.0056128501892089
1,5,9,gm,pauli,cyclic,False,0.0060904026031494
1,5,9,gm,pauli,linear,False,0.0020656585693359
1,5,9,opt,comp,cyclic,True,0.0067644119262695
1,5,9,opt,pauli,cyc_lin,True,0.005828857421875
1,5,9,opt,pauli,cyclic,True,0.0062768459320068
1,5,9,opt,pauli,linear,True,0.0022168159484863
1,10,0,gm,comp,cyclic,False,0.0063090324401855
1,10,0,gm,pauli,cyc_lin,False,0.0064074993133544
1,10,0,gm,pauli,cyclic,False,0.0064985752105712
1,10,0,gm,pauli,linear,False,0.0061001777648925
1,10,0,opt,comp,cyclic,True,0.00651216506958
1,10,0,opt,pauli,cyc_lin,True,0.0070624351501464
1,10,0,opt,pauli,cyclic,True,0.0066943168640136
1,10,0,opt,pauli,linear,True,0.0063221454620361
1,10,1,gm,comp,cyclic,False,0.0065028667449951
1,10,1,gm,pauli,cyc_lin,False,0.0066721439361572
1,10,1,gm,pauli,cyclic,False,0.0070881843566894
1,10,1,gm,pauli,linear,False,0.0028536319732666
1,10,1,opt,comp,cyclic,True,0.0069952011108398
1,10,1,opt,pauli,cyc_lin,True,0.0067834854125976
1,10,1,opt,pauli,cyclic,True,0.0076086521148681
1,10,1,opt,pauli,linear,True,0.0064737796783447
1,10,2,gm,comp,cyclic,False,0.0068075656890869
1,10,2,gm,pauli,cyc_lin,False,0.0073814392089843
1,10,2,gm,pauli,cyclic,False,0.0075132846832275
1,10,2,gm,pauli,linear,False,0.006810188293457
1,10,2,opt,comp,cyclic,True,0.0063679218292236
1,10,2,opt,pauli,cyc_lin,True,0.0083813667297363
1,10,2,opt,pauli,cyclic,True,0.0075218677520751
1,10,2,opt,pauli,linear,True,0.006960391998291
1,10,3,gm,comp,cyclic,False,0.0064096450805664
1,10,3,gm,pauli,cyc_lin,False,0.0069580078125
1,10,3,gm,pauli,cyclic,False,0.0074422359466552
1,10,3,gm,pauli,linear,False,0.0028128623962402
1,10,3,opt,comp,cyclic,True,0.0069873332977294
1,10,3,opt,pauli,cyc_lin,True,0.0074603557586669
1,10,3,opt,pauli,cyclic,True,0.0070428848266601
1,10,3,opt,pauli,linear,True,0.0069692134857177
1,10,4,gm,comp,cyclic,False,0.0072321891784667
1,10,4,gm,pauli,cyc_lin,False,0.0072004795074462
1,10,4,gm,pauli,cyclic,False,0.0074877738952636
1,10,4,gm,pauli,linear,False,0.0027544498443603
1,10,4,opt,comp,cyclic,True,0.0068752765655517
1,10,4,opt,pauli,cyc_lin,True,0.007444143295288
1,10,4,opt,pauli,cyclic,True,0.0076663494110107
1,10,4,opt,pauli,linear,True,0.0070898532867431
1,10,5,gm,comp,cyclic,False,0.0069077014923095
1,10,5,gm,pauli,cyc_lin,False,0.0073053836822509
1,10,5,gm,pauli,cyclic,False,0.0075535774230957
1,10,5,gm,pauli,linear,False,0.0028848648071289
1,10,5,opt,comp,cyclic,True,0.0151264667510986
1,10,5,opt,pauli,cyc_lin,True,0.0073990821838378
1,10,5,opt,pauli,cyclic,True,0.0076880455017089
1,10,5,opt,pauli,linear,True,0.0075714588165283
1,10,6,gm,comp,cyclic,False,0.0093452930450439
1,10,6,gm,pauli,cyc_lin,False,0.0057418346405029
1,10,6,gm,pauli,cyclic,False,0.0069501399993896
1,10,6,gm,pauli,linear,False,0.0024495124816894
1,10,6,opt,comp,cyclic,True,0.0025992393493652
1,10,6,opt,pauli,cyc_lin,True,0.0077569484710693
1,10,6,opt,pauli,cyclic,True,0.0072219371795654
1,10,6,opt,pauli,linear,True,0.0026972293853759
1,10,7,gm,comp,cyclic,False,0.0068781375885009
1,10,7,gm,pauli,cyc_lin,False,0.0071165561676025
1,10,7,gm,pauli,cyclic,False,0.0071322917938232
1,10,7,gm,pauli,linear,False,0.0025124549865722
1,10,7,opt,comp,cyclic,True,0.0068855285644531
1,10,7,opt,pauli,cyc_lin,True,0.0072071552276611
1,10,7,opt,pauli,cyclic,True,0.0074405670166015
1,10,7,opt,pauli,linear,True,0.0069653987884521
1,10,8,gm,comp,cyclic,False,0.0054404735565185
1,10,8,gm,pauli,cyc_lin,False,0.0059795379638671
1,10,8,gm,pauli,cyclic,False,0.0058085918426513
1,10,8,gm,pauli,linear,False,0.0059213638305664
1,10,8,opt,comp,cyclic,True,0.0065574645996093
1,10,8,opt,pauli,cyc_lin,True,0.0059065818786621
1,10,8,opt,pauli,cyclic,True,0.006519079208374
1,10,8,opt,pauli,linear,True,0.0061728954315185
1,10,9,gm,comp,cyclic,False,0.0054123401641845
1,10,9,gm,pauli,cyc_lin,False,0.0052433013916015
1,10,9,gm,pauli,cyclic,False,0.0063247680664062
1,10,9,gm,pauli,linear,False,0.0055682659149169
1,10,9,opt,comp,cyclic,True,0.0066859722137451
1,10,9,opt,pauli,cyc_lin,True,0.0061480998992919
1,10,9,opt,pauli,cyclic,True,0.006282091140747
1,10,9,opt,pauli,linear,True,0.006047248840332
1,20,0,gm,comp,cyclic,False,0.0070278644561767
1,20,0,gm,pauli,cyc_lin,False,0.0081665515899658
1,20,0,gm,pauli,cyclic,False,0.0082960128784179
1,20,0,gm,pauli,linear,False,0.0032496452331542
1,20,0,opt,comp,cyclic,True,0.0077733993530273
1,20,0,opt,pauli,cyc_lin,True,0.0076584815979003
1,20,0,opt,pauli,cyclic,True,0.0083405971527099
1,20,0,opt,pauli,linear,True,0.0070135593414306
1,20,1,gm,comp,cyclic,False,0.0066843032836914
1,20,1,gm,pauli,cyc_lin,False,0.0076127052307128
1,20,1,gm,pauli,cyclic,False,0.0083169937133789
1,20,1,gm,pauli,linear,False,0.0072760581970214
1,20,1,opt,comp,cyclic,True,0.006711721420288
1,20,1,opt,pauli,cyc_lin,True,0.0079326629638671
1,20,1,opt,pauli,cyclic,True,0.0087521076202392
1,20,1,opt,pauli,linear,True,0.0074326992034912
1,20,2,gm,comp,cyclic,False,0.0069060325622558
1,20,2,gm,pauli,cyc_lin,False,0.0079057216644287
1,20,2,gm,pauli,cyclic,False,0.0079469680786132
1,20,2,gm,pauli,linear,False,0.0076730251312255
1,20,2,opt,comp,cyclic,True,0.0070528984069824
1,20,2,opt,pauli,cyc_lin,True,0.0078918933868408
1,20,2,opt,pauli,cyclic,True,0.0086240768432617
1,20,2,opt,pauli,linear,True,0.0077676773071289
1,20,3,gm,comp,cyclic,False,0.0070595741271972
1,20,3,gm,pauli,cyc_lin,False,0.0084967613220214
1,20,3,gm,pauli,cyclic,False,0.0099654197692871
1,20,3,gm,pauli,linear,False,0.0076422691345214
1,20,3,opt,comp,cyclic,True,0.0070793628692626
1,20,3,opt,pauli,cyc_lin,True,0.0083076953887939
1,20,3,opt,pauli,cyclic,True,0.0093121528625488
1,20,3,opt,pauli,linear,True,0.0077884197235107
1,20,4,gm,comp,cyclic,False,0.0068840980529785
1,20,4,gm,pauli,cyc_lin,False,0.0081551074981689
1,20,4,gm,pauli,cyclic,False,0.0086629390716552
1,20,4,gm,pauli,linear,False,0.0071735382080078
1,20,4,opt,comp,cyclic,True,0.006866455078125
1,20,4,opt,pauli,cyc_lin,True,0.008089542388916
1,20,4,opt,pauli,cyclic,True,0.0086936950683593
1,20,4,opt,pauli,linear,True,0.009411334991455
1,20,5,gm,comp,cyclic,False,0.007021427154541
1,20,5,gm,pauli,cyc_lin,False,0.0083060264587402
1,20,5,gm,pauli,cyclic,False,0.0087685585021972
1,20,5,gm,pauli,linear,False,0.0074408054351806
1,20,5,opt,comp,cyclic,True,0.0071239471435546
1,20,5,opt,pauli,cyc_lin,True,0.0078725814819335
1,20,5,opt,pauli,cyclic,True,0.0089468955993652
1,20,5,opt,pauli,linear,True,0.007871389389038
1,20,6,gm,comp,cyclic,False,0.0063841342926025
1,20,6,gm,pauli,cyc_lin,False,0.0064148902893066
1,20,6,gm,pauli,cyclic,False,0.0078036785125732
1,20,6,gm,pauli,linear,False,0.0024831295013427
1,20,6,opt,comp,cyclic,True,0.0066227912902832
1,20,6,opt,pauli,cyc_lin,True,0.0063977241516113
1,20,6,opt,pauli,cyclic,True,0.0079257488250732
1,20,6,opt,pauli,linear,True,0.002615213394165
1,20,7,gm,comp,cyclic,False,0.0066888332366943
1,20,7,gm,pauli,cyc_lin,False,0.0073225498199462
1,20,7,gm,pauli,cyclic,False,0.0077462196350097
1,20,7,gm,pauli,linear,False,0.0070040225982666
1,20,7,opt,comp,cyclic,True,0.0069849491119384
1,20,7,opt,pauli,cyc_lin,True,0.0077216625213623
1,20,7,opt,pauli,cyclic,True,0.0082013607025146
1,20,7,opt,pauli,linear,True,0.007685899734497
1,20,8,gm,comp,cyclic,False,0.0070393085479736
1,20,8,gm,pauli,cyc_lin,False,0.0072352886199951
1,20,8,gm,pauli,cyclic,False,0.0075368881225585
1,20,8,gm,pauli,linear,False,0.0025985240936279
1,20,8,opt,comp,cyclic,True,0.0071854591369628
1,20,8,opt,pauli,cyc_lin,True,0.0076391696929931
1,20,8,opt,pauli,cyclic,True,0.0081000328063964
1,20,8,opt,pauli,linear,True,0.0068118572235107
1,20,9,gm,comp,cyclic,False,0.005455732345581
1,20,9,gm,pauli,cyc_lin,False,0.0069382190704345
1,20,9,gm,pauli,cyclic,False,0.0076644420623779
1,20,9,gm,pauli,linear,False,0.006629467010498
1,20,9,opt,comp,cyclic,True,0.0072438716888427
1,20,9,opt,pauli,cyc_lin,True,0.0072190761566162
1,20,9,opt,pauli,cyclic,True,0.0076971054077148
1,20,9,opt,pauli,linear,True,0.0068883895874023
1,30,0,gm,comp,cyclic,False,0.0058321952819824
1,30,0,gm,pauli,cyc_lin,False,0.0075750350952148
1,30,0,gm,pauli,cyclic,False,0.0082025527954101
1,30,0,gm,pauli,linear,False,0.0065066814422607
1,30,0,opt,comp,cyclic,True,0.0067560672760009
1,30,0,opt,pauli,cyc_lin,True,0.00767183303833
1,30,0,opt,pauli,cyclic,True,0.0085513591766357
1,30,0,opt,pauli,linear,True,0.0069873332977294
1,30,1,gm,comp,cyclic,False,0.0070252418518066
1,30,1,gm,pauli,cyc_lin,False,0.0085439682006835
1,30,1,gm,pauli,cyclic,False,0.0095050334930419
1,30,1,gm,pauli,linear,False,0.0083608627319335
1,30,1,opt,comp,cyclic,True,0.0073339939117431
1,30,1,opt,pauli,cyc_lin,True,0.0087912082672119
1,30,1,opt,pauli,cyclic,True,0.0094356536865234
1,30,1,opt,pauli,linear,True,0.0080809593200683
1,30,2,gm,comp,cyclic,False,0.0065267086029052
1,30,2,gm,pauli,cyc_lin,False,0.0079219341278076
1,30,2,gm,pauli,cyclic,False,0.0085930824279785
1,30,2,gm,pauli,linear,False,0.0078768730163574
1,30,2,opt,comp,cyclic,True,0.0069391727447509
1,30,2,opt,pauli,cyc_lin,True,0.0079364776611328
1,30,2,opt,pauli,cyclic,True,0.0086760520935058
1,30,2,opt,pauli,linear,True,0.0079391002655029
1,30,3,gm,comp,cyclic,False,0.0071229934692382
1,30,3,gm,pauli,cyc_lin,False,0.0088469982147216
1,30,3,gm,pauli,cyclic,False,0.0093252658843994
1,30,3,gm,pauli,linear,False,0.0078506469726562
1,30,3,opt,comp,cyclic,True,0.0077574253082275
1,30,3,opt,pauli,cyc_lin,True,0.0085992813110351
1,30,3,opt,pauli,cyclic,True,0.0094134807586669
1,30,3,opt,pauli,linear,True,0.0083670616149902
1,30,4,gm,comp,cyclic,False,0.0072534084320068
1,30,4,gm,pauli,cyc_lin,False,0.0085773468017578
1,30,4,gm,pauli,cyclic,False,0.0091290473937988
1,30,4,gm,pauli,linear,False,0.0072898864746093
1,30,4,opt,comp,cyclic,True,0.0073180198669433
1,30,4,opt,pauli,cyc_lin,True,0.0088739395141601
1,30,4,opt,pauli,cyclic,True,0.009472370147705
1,30,4,opt,pauli,linear,True,0.0080666542053222
1,30,5,gm,comp,cyclic,False,0.0064890384674072
1,30,5,gm,pauli,cyc_lin,False,0.0084402561187744
1,30,5,gm,pauli,cyclic,False,0.0090179443359375
1,30,5,gm,pauli,linear,False,0.0074589252471923
1,30,5,opt,comp,cyclic,True,0.0080571174621582
1,30,5,opt,pauli,cyc_lin,True,0.0083396434783935
1,30,5,opt,pauli,cyclic,True,0.0093114376068115
1,30,5,opt,pauli,linear,True,0.0082480907440185
1,30,6,gm,comp,cyclic,False,0.0070443153381347
1,30,6,gm,pauli,cyc_lin,False,0.008211612701416
1,30,6,gm,pauli,cyclic,False,0.0095417499542236
1,30,6,gm,pauli,linear,False,0.0073785781860351
1,30,6,opt,comp,cyclic,True,0.0069591999053955
1,30,6,opt,pauli,cyc_lin,True,0.0087206363677978
1,30,6,opt,pauli,cyclic,True,0.0094494819641113
1,30,6,opt,pauli,linear,True,0.007655382156372
1,30,7,gm,comp,cyclic,False,0.0069360733032226
1,30,7,gm,pauli,cyc_lin,False,0.0076498985290527
1,30,7,gm,pauli,cyclic,False,0.0087451934814453
1,30,7,gm,pauli,linear,False,0.0076527595520019
1,30,7,opt,comp,cyclic,True,0.0075898170471191
1,30,7,opt,pauli,cyc_lin,True,0.0080809593200683
1,30,7,opt,pauli,cyclic,True,0.0094733238220214
1,30,7,opt,pauli,linear,True,0.0087816715240478
1,30,8,gm,comp,cyclic,False,0.007530927658081
1,30,8,gm,pauli,cyc_lin,False,0.0086302757263183
1,30,8,gm,pauli,cyclic,False,0.0095527172088623
1,30,8,gm,pauli,linear,False,0.0079679489135742
1,30,8,opt,comp,cyclic,True,0.0072822570800781
1,30,8,opt,pauli,cyc_lin,True,0.0093691349029541
1,30,8,opt,pauli,cyclic,True,0.009631872177124
1,30,8,opt,pauli,linear,True,0.0080194473266601
1,30,9,gm,comp,cyclic,False,0.0072011947631835
1,30,9,gm,pauli,cyc_lin,False,0.0090162754058837
1,30,9,gm,pauli,cyclic,False,0.0098075866699218
1,30,9,gm,pauli,linear,False,0.0091087818145751
1,30,9,opt,comp,cyclic,True,0.0075013637542724
1,30,9,opt,pauli,cyc_lin,True,0.0093190670013427
1,30,9,opt,pauli,cyclic,True,0.0108139514923095
1,30,9,opt,pauli,linear,True,0.0087969303131103
1,50,0,gm,comp,cyclic,False,0.0089502334594726
1,50,0,gm,pauli,cyc_lin,False,0.0098836421966552
1,50,0,gm,pauli,cyclic,False,0.0113146305084228
1,50,0,gm,pauli,linear,False,0.0090696811676025
1,50,0,opt,comp,cyclic,True,0.0077748298645019
1,50,0,opt,pauli,cyc_lin,True,0.0102365016937255
1,50,0,opt,pauli,cyclic,True,0.0119135379791259
1,50,0,opt,pauli,linear,True,0.0104117393493652
1,50,1,gm,comp,cyclic,False,0.0080235004425048
1,50,1,gm,pauli,cyc_lin,False,0.009706974029541
1,50,1,gm,pauli,cyclic,False,0.0120882987976074
1,50,1,gm,pauli,linear,False,0.0095572471618652
1,50,1,opt,comp,cyclic,True,0.0074069499969482
1,50,1,opt,pauli,cyc_lin,True,0.0103631019592285
1,50,1,opt,pauli,cyclic,True,0.0120978355407714
1,50,1,opt,pauli,linear,True,0.0102872848510742
1,50,2,gm,comp,cyclic,False,0.0080282688140869
1,50,2,gm,pauli,cyc_lin,False,0.0105776786804199
1,50,2,gm,pauli,cyclic,False,0.0112919807434082
1,50,2,gm,pauli,linear,False,0.0091433525085449
1,50,2,opt,comp,cyclic,True,0.0075213909149169
1,50,2,opt,pauli,cyc_lin,True,0.0100781917572021
1,50,2,opt,pauli,cyclic,True,0.0112409591674804
1,50,2,opt,pauli,linear,True,0.0101733207702636
1,50,3,gm,comp,cyclic,False,0.0079994201660156
1,50,3,gm,pauli,cyc_lin,False,0.0097301006317138
1,50,3,gm,pauli,cyclic,False,0.0116212368011474
1,50,3,gm,pauli,linear,False,0.0094995498657226
1,50,3,opt,comp,cyclic,True,0.0079779624938964
1,50,3,opt,pauli,cyc_lin,True,0.0100753307342529
1,50,3,opt,pauli,cyclic,True,0.0118553638458251
1,50,3,opt,pauli,linear,True,0.0099012851715087
1,50,4,gm,comp,cyclic,False,0.007530927658081
1,50,4,gm,pauli,cyc_lin,False,0.0100543498992919
1,50,4,gm,pauli,cyclic,False,0.0110299587249755
1,50,4,gm,pauli,linear,False,0.0088837146759033
1,50,4,opt,comp,cyclic,True,0.0156958103179931
1,50,4,opt,pauli,cyc_lin,True,0.0100018978118896
1,50,4,opt,pauli,cyclic,True,0.0112428665161132
1,50,4,opt,pauli,linear,True,0.0090000629425048
1,50,5,gm,comp,cyclic,False,0.0068144798278808
1,50,5,gm,pauli,cyc_lin,False,0.0096757411956787
1,50,5,gm,pauli,cyclic,False,0.011127233505249
1,50,5,gm,pauli,linear,False,0.0088005065917968
1,50,5,opt,comp,cyclic,True,0.0076081752777099
1,50,5,opt,pauli,cyc_lin,True,0.0095930099487304
1,50,5,opt,pauli,cyclic,True,0.0112643241882324
1,50,5,opt,pauli,linear,True,0.0095984935760498
1,50,6,gm,comp,cyclic,False,0.0067555904388427
1,50,6,gm,pauli,cyc_lin,False,0.0098235607147216
1,50,6,gm,pauli,cyclic,False,0.0100600719451904
1,50,6,gm,pauli,linear,False,0.0083317756652832
1,50,6,opt,comp,cyclic,True,0.0077707767486572
1,50,6,opt,pauli,cyc_lin,True,0.0093953609466552
1,50,6,opt,pauli,cyclic,True,0.0107214450836181
1,50,6,opt,pauli,linear,True,0.0088188648223876
1,50,7,gm,comp,cyclic,False,0.0059859752655029
1,50,7,gm,pauli,cyc_lin,False,0.0085425376892089
1,50,7,gm,pauli,cyclic,False,0.0095953941345214
1,50,7,gm,pauli,linear,False,0.0076229572296142
1,50,7,opt,comp,cyclic,True,0.0070962905883789
1,50,7,opt,pauli,cyc_lin,True,0.0088577270507812
1,50,7,opt,pauli,cyclic,True,0.0104336738586425
1,50,7,opt,pauli,linear,True,0.0084483623504638
1,50,8,gm,comp,cyclic,False,0.0077953338623046
1,50,8,gm,pauli,cyc_lin,False,0.0105354785919189
1,50,8,gm,pauli,cyclic,False,0.0110819339752197
1,50,8,gm,pauli,linear,False,0.0090456008911132
1,50,8,opt,comp,cyclic,True,0.009939432144165
1,50,8,opt,pauli,cyc_lin,True,0.0108189582824707
1,50,8,opt,pauli,cyclic,True,0.0112299919128417
1,50,8,opt,pauli,linear,True,0.00942063331604
1,50,9,gm,comp,cyclic,False,0.008326768875122
1,50,9,gm,pauli,cyc_lin,False,0.0116968154907226
1,50,9,gm,pauli,cyclic,False,0.0125677585601806
1,50,9,gm,pauli,linear,False,0.0103142261505126
1,50,9,opt,comp,cyclic,True,0.0071337223052978
1,50,9,opt,pauli,cyc_lin,True,0.0106923580169677
1,50,9,opt,pauli,cyclic,True,0.0121991634368896
1,50,9,opt,pauli,linear,True,0.0102107524871826
5,5,0,gm,comp,cyclic,False,0.0290160179138183
5,5,0,gm,pauli,cyc_lin,False,0.0172317028045654
5,5,0,gm,pauli,cyclic,False,0.0484294891357421
5,5,0,gm,pauli,linear,False,0.0431849956512451
5,5,0,opt,comp,cyclic,True,0.0174746513366699
5,5,0,opt,pauli,cyc_lin,True,0.0336606502532959
5,5,0,opt,pauli,cyclic,True,0.0602340698242187
5,5,0,opt,pauli,linear,True,0.0437018871307373
5,5,1,gm,comp,cyclic,False,0.0119163990020751
5,5,1,gm,pauli,cyc_lin,False,0.0134661197662353
5,5,1,gm,pauli,cyclic,False,0.0131075382232666
5,5,1,gm,pauli,linear,False,0.0167086124420166
5,5,1,opt,comp,cyclic,True,0.0245211124420166
5,5,1,opt,pauli,cyc_lin,True,0.0144472122192382
5,5,1,opt,pauli,cyclic,True,0.0133242607116699
5,5,1,opt,pauli,linear,True,0.0227806568145751
5,5,2,gm,comp,cyclic,False,0.0069503784179687
5,5,2,gm,pauli,cyc_lin,False,0.0088684558868408
5,5,2,gm,pauli,cyclic,False,0.0088615417480468
5,5,2,gm,pauli,linear,False,0.006021499633789
5,5,2,opt,comp,cyclic,True,0.0077631473541259
5,5,2,opt,pauli,cyc_lin,True,0.009892463684082
5,5,2,opt,pauli,cyclic,True,0.010338544845581
5,5,2,opt,pauli,linear,True,0.0116324424743652
5,5,3,gm,comp,cyclic,False,0.0100691318511962
5,5,3,gm,pauli,cyc_lin,False,0.0129151344299316
5,5,3,gm,pauli,cyclic,False,0.0117387771606445
5,5,3,gm,pauli,linear,False,0.0084686279296875
5,5,3,opt,comp,cyclic,True,0.01068115234375
5,5,3,opt,pauli,cyc_lin,True,0.0145521163940429
5,5,3,opt,pauli,cyclic,True,0.0130782127380371
5,5,3,opt,pauli,linear,True,0.0161874294281005
5,5,4,gm,comp,cyclic,False,0.01082444190979
5,5,4,gm,pauli,cyc_lin,False,0.0123393535614013
5,5,4,gm,pauli,cyclic,False,0.013826847076416
5,5,4,gm,pauli,linear,False,0.0135815143585205
5,5,4,opt,comp,cyclic,True,0.0100107192993164
5,5,4,opt,pauli,cyc_lin,True,0.0150177478790283
5,5,4,opt,pauli,cyclic,True,0.0129904747009277
5,5,4,opt,pauli,linear,True,0.0170588493347167
5,5,5,gm,comp,cyclic,False,0.0070962905883789
5,5,5,gm,pauli,cyc_lin,False,0.008143663406372
5,5,5,gm,pauli,cyclic,False,0.0101590156555175
5,5,5,gm,pauli,linear,False,0.0045769214630126
5,5,5,opt,comp,cyclic,True,0.0076186656951904
5,5,5,opt,pauli,cyc_lin,True,0.0105397701263427
5,5,5,opt,pauli,cyclic,True,0.0104866027832031
5,5,5,opt,pauli,linear,True,0.0116069316864013
5,5,6,gm,comp,cyclic,False,0.0106241703033447
5,5,6,gm,pauli,cyc_lin,False,0.0146622657775878
5,5,6,gm,pauli,cyclic,False,0.0136747360229492
5,5,6,gm,pauli,linear,False,0.0099687576293945
5,5,6,opt,comp,cyclic,True,0.0110406875610351
5,5,6,opt,pauli,cyc_lin,True,0.0152969360351562
5,5,6,opt,pauli,cyclic,True,0.014359712600708
5,5,6,opt,pauli,linear,True,0.017549991607666
5,5,7,gm,comp,cyclic,False,0.0058066844940185
5,5,7,gm,pauli,cyc_lin,False,0.008817434310913
5,5,7,gm,pauli,cyclic,False,0.0084764957427978
5,5,7,gm,pauli,linear,False,0.0069854259490966
5,5,7,opt,comp,cyclic,True,0.0064952373504638
5,5,7,opt,pauli,cyc_lin,True,0.0089719295501708
5,5,7,opt,pauli,cyclic,True,0.0088837146759033
5,5,7,opt,pauli,linear,True,0.0127971172332763
5,5,8,gm,comp,cyclic,False,0.0079972743988037
5,5,8,gm,pauli,cyc_lin,False,0.0122056007385253
5,5,8,gm,pauli,cyclic,False,0.0130531787872314
5,5,8,gm,pauli,linear,False,0.0068602561950683
5,5,8,opt,comp,cyclic,True,0.008878469467163
5,5,8,opt,pauli,cyc_lin,True,0.0136072635650634
5,5,8,opt,pauli,cyclic,True,0.0137221813201904
5,5,8,opt,pauli,linear,True,0.0120453834533691
5,5,9,gm,comp,cyclic,False,0.0063498020172119
5,5,9,gm,pauli,cyc_lin,False,0.0097012519836425
5,5,9,gm,pauli,cyclic,False,0.0094678401947021
5,5,9,gm,pauli,linear,False,0.0114989280700683
5,5,9,opt,comp,cyclic,True,0.0073158740997314
5,5,9,opt,pauli,cyc_lin,True,0.0100526809692382
5,5,9,opt,pauli,cyclic,True,0.0101041793823242
5,5,9,opt,pauli,linear,True,0.0118196010589599
5,10,0,gm,comp,cyclic,False,0.011829137802124
5,10,0,gm,pauli,cyc_lin,False,0.0206844806671142
5,10,0,gm,pauli,cyclic,False,0.0600574016571044
5,10,0,gm,pauli,linear,False,0.0150666236877441
5,10,0,opt,comp,cyclic,True,0.0157408714294433
5,10,0,opt,pauli,cyc_lin,True,0.0281558036804199
5,10,0,opt,pauli,cyclic,True,0.0703451633453369
5,10,0,opt,pauli,linear,True,0.0194005966186523
5,10,1,gm,comp,cyclic,False,0.007730484008789
5,10,1,gm,pauli,cyc_lin,False,0.0164763927459716
5,10,1,gm,pauli,cyclic,False,0.0181496143341064
5,10,1,gm,pauli,linear,False,0.0101375579833984
5,10,1,opt,comp,cyclic,True,0.0086572170257568
5,10,1,opt,pauli,cyc_lin,True,0.0165381431579589
5,10,1,opt,pauli,cyclic,True,0.0201442241668701
5,10,1,opt,pauli,linear,True,0.0112125873565673
5,10,2,gm,comp,cyclic,False,0.0065288543701171
5,10,2,gm,pauli,cyc_lin,False,0.0124852657318115
5,10,2,gm,pauli,cyclic,False,0.011559247970581
5,10,2,gm,pauli,linear,False,0.0192704200744628
5,10,2,opt,comp,cyclic,True,0.0069718360900878
5,10,2,opt,pauli,cyc_lin,True,0.0129396915435791
5,10,2,opt,pauli,cyclic,True,0.0123190879821777
5,10,2,opt,pauli,linear,True,0.0337750911712646
5,10,3,gm,comp,cyclic,False,0.0102443695068359
5,10,3,gm,pauli,cyc_lin,False,0.0177781581878662
5,10,3,gm,pauli,cyclic,False,0.0151507854461669
5,10,3,gm,pauli,linear,False,0.00881028175354
5,10,3,opt,comp,cyclic,True,0.0105669498443603
5,10,3,opt,pauli,cyc_lin,True,0.0191774368286132
5,10,3,opt,pauli,cyclic,True,0.0160377025604248
5,10,3,opt,pauli,linear,True,0.0148518085479736
5,10,4,gm,comp,cyclic,False,0.0139708518981933
5,10,4,gm,pauli,cyc_lin,False,0.0281307697296142
5,10,4,gm,pauli,cyclic,False,0.0335028171539306
5,10,4,gm,pauli,linear,False,0.0175774097442626
5,10,4,opt,comp,cyclic,True,0.0142974853515625
5,10,4,opt,pauli,cyc_lin,True,0.0279726982116699
5,10,4,opt,pauli,cyclic,True,0.0336642265319824
5,10,4,opt,pauli,linear,True,0.0234379768371582
5,10,5,gm,comp,cyclic,False,0.0184435844421386
5,10,5,gm,pauli,cyc_lin,False,0.0320086479187011
5,10,5,gm,pauli,cyclic,False,0.0451841354370117
5,10,5,gm,pauli,linear,False,0.0249254703521728
5,10,5,opt,comp,cyclic,True,0.0184104442596435
5,10,5,opt,pauli,cyc_lin,True,0.0316176414489746
5,10,5,opt,pauli,cyclic,True,0.0462574958801269
5,10,5,opt,pauli,linear,True,0.0376012325286865
5,10,6,gm,comp,cyclic,False,0.0114579200744628
5,10,6,gm,pauli,cyc_lin,False,0.0212891101837158
5,10,6,gm,pauli,cyclic,False,0.016815185546875
5,10,6,gm,pauli,linear,False,0.0103571414947509
5,10,6,opt,comp,cyclic,True,0.01143479347229
5,10,6,opt,pauli,cyc_lin,True,0.0213789939880371
5,10,6,opt,pauli,cyclic,True,0.0169031620025634
5,10,6,opt,pauli,linear,True,0.0172691345214843
5,10,7,gm,comp,cyclic,False,0.0070652961730957
5,10,7,gm,pauli,cyc_lin,False,0.0128228664398193
5,10,7,gm,pauli,cyclic,False,0.0114190578460693
5,10,7,gm,pauli,linear,False,0.0062949657440185
5,10,7,opt,comp,cyclic,True,0.0077216625213623
5,10,7,opt,pauli,cyc_lin,True,0.0146846771240234
5,10,7,opt,pauli,cyclic,True,0.0121092796325683
5,10,7,opt,pauli,linear,True,0.0132548809051513
5,10,8,gm,comp,cyclic,False,0.0120573043823242
5,10,8,gm,pauli,cyc_lin,False,0.0202603340148925
5,10,8,gm,pauli,cyclic,False,0.0205497741699218
5,10,8,gm,pauli,linear,False,0.0158758163452148
5,10,8,opt,comp,cyclic,True,0.0129225254058837
5,10,8,opt,pauli,cyc_lin,True,0.0238749980926513
5,10,8,opt,pauli,cyclic,True,0.0213301181793212
5,10,8,opt,pauli,linear,True,0.0356948375701904
5,10,9,gm,comp,cyclic,False,0.0074143409729003
5,10,9,gm,pauli,cyc_lin,False,0.007298469543457
5,10,9,gm,pauli,cyclic,False,0.0133705139160156
5,10,9,gm,pauli,linear,False,0.0058100223541259
5,10,9,opt,comp,cyclic,True,0.0072188377380371
5,10,9,opt,pauli,cyc_lin,True,0.015942096710205
5,10,9,opt,pauli,cyclic,True,0.0137739181518554
5,10,9,opt,pauli,linear,True,0.0119647979736328
5,20,0,gm,comp,cyclic,False,0.0160105228424072
5,20,0,gm,pauli,cyc_lin,False,0.0248458385467529
5,20,0,gm,pauli,cyclic,False,0.1279075145721435
5,20,0,gm,pauli,linear,False,0.0098469257354736
5,20,0,opt,comp,cyclic,True,0.0157103538513183
5,20,0,opt,pauli,cyc_lin,True,0.038783311843872
5,20,0,opt,pauli,cyclic,True,0.2054448127746582
5,20,0,opt,pauli,linear,True,0.0224413871765136
5,20,1,gm,comp,cyclic,False,0.0269861221313476
5,20,1,gm,pauli,cyc_lin,False,0.037480354309082
5,20,1,gm,pauli,cyclic,False,0.2259397506713867
5,20,1,gm,pauli,linear,False,0.0182681083679199
5,20,1,opt,comp,cyclic,True,0.0271224975585937
5,20,1,opt,pauli,cyc_lin,True,0.0381333827972412
5,20,1,opt,pauli,cyclic,True,0.3384802341461181
5,20,1,opt,pauli,linear,True,0.0219526290893554
5,20,2,gm,comp,cyclic,False,0.0132837295532226
5,20,2,gm,pauli,cyc_lin,False,0.029360294342041
5,20,2,gm,pauli,cyclic,False,0.0411963462829589
5,20,2,gm,pauli,linear,False,0.0105578899383544
5,20,2,opt,comp,cyclic,True,0.0118987560272216
5,20,2,opt,pauli,cyc_lin,True,0.0298602581024169
5,20,2,opt,pauli,cyclic,True,0.0415163040161132
5,20,2,opt,pauli,linear,True,0.0226645469665527
5,20,3,gm,comp,cyclic,False,0.0121965408325195
5,20,3,gm,pauli,cyc_lin,False,0.0300002098083496
5,20,3,gm,pauli,cyclic,False,0.0522317886352539
5,20,3,gm,pauli,linear,False,0.019972801208496
5,20,3,opt,comp,cyclic,True,0.0122334957122802
5,20,3,opt,pauli,cyc_lin,True,0.0300917625427246
5,20,3,opt,pauli,cyclic,True,0.0797350406646728
5,20,3,opt,pauli,linear,True,0.0204341411590576
5,20,4,gm,comp,cyclic,False,0.0438051223754882
5,20,4,gm,pauli,cyc_lin,False,0.0356447696685791
5,20,4,gm,pauli,cyclic,False,0.0975325107574462
5,20,4,gm,pauli,linear,False,0.0517489910125732
5,20,4,opt,comp,cyclic,True,0.0485885143280029
5,20,4,opt,pauli,cyc_lin,True,0.042445421218872
5,20,4,opt,pauli,cyclic,True,0.1963307857513427
5,20,4,opt,pauli,linear,True,0.0228347778320312
5,20,5,gm,comp,cyclic,False,0.0452926158905029
5,20,5,gm,pauli,cyc_lin,False,0.0379769802093505
5,20,5,gm,pauli,cyclic,False,0.5289022922515869
5,20,5,gm,pauli,linear,False,0.0216896533966064
5,20,5,opt,comp,cyclic,True,0.0518643856048584
5,20,5,opt,pauli,cyc_lin,True,0.0384933948516845
5,20,5,opt,pauli,cyclic,True,0.5549650192260742
5,20,5,opt,pauli,linear,True,0.0264089107513427
5,20,6,gm,comp,cyclic,False,0.0135223865509033
5,20,6,gm,pauli,cyc_lin,False,0.0293028354644775
5,20,6,gm,pauli,cyclic,False,0.0497453212738037
5,20,6,gm,pauli,linear,False,0.0083429813385009
5,20,6,opt,comp,cyclic,True,0.0150728225708007
5,20,6,opt,pauli,cyc_lin,True,0.0306277275085449
5,20,6,opt,pauli,cyclic,True,0.0575716495513916
5,20,6,opt,pauli,linear,True,0.0177967548370361
5,20,7,gm,comp,cyclic,False,0.0113031864166259
5,20,7,gm,pauli,cyc_lin,False,0.0340418815612793
5,20,7,gm,pauli,cyclic,False,0.083282470703125
5,20,7,gm,pauli,linear,False,0.0157446861267089
5,20,7,opt,comp,cyclic,True,0.0117385387420654
5,20,7,opt,pauli,cyc_lin,True,0.0328545570373535
5,20,7,opt,pauli,cyclic,True,0.0858845710754394
5,20,7,opt,pauli,linear,True,0.0188987255096435
5,20,8,gm,comp,cyclic,False,0.013293981552124
5,20,8,gm,pauli,cyc_lin,False,0.0173943042755126
5,20,8,gm,pauli,cyclic,False,0.0910918712615966
5,20,8,gm,pauli,linear,False,0.0107955932617187
5,20,8,opt,comp,cyclic,True,0.0126423835754394
5,20,8,opt,pauli,cyc_lin,True,0.0311841964721679
5,20,8,opt,pauli,cyclic,True,0.132265567779541
5,20,8,opt,pauli,linear,True,0.0229361057281494
5,20,9,gm,comp,cyclic,False,0.0199434757232666
5,20,9,gm,pauli,cyc_lin,False,0.03765869140625
5,20,9,gm,pauli,cyclic,False,0.5415093898773193
5,20,9,gm,pauli,linear,False,0.0189523696899414
5,20,9,opt,comp,cyclic,True,0.0198490619659423
5,20,9,opt,pauli,cyc_lin,True,0.03688645362854
5,20,9,opt,pauli,cyclic,True,0.5399248600006104
5,20,9,opt,pauli,linear,True,0.0260701179504394
5,30,0,gm,comp,cyclic,False,0.0577354431152343
5,30,0,gm,pauli,cyc_lin,False,0.0697841644287109
5,30,0,gm,pauli,cyclic,False,4.20222282409668
5,30,0,gm,pauli,linear,False,0.0213449001312255
5,30,0,opt,comp,cyclic,True,0.0499763488769531
5,30,0,opt,pauli,cyc_lin,True,0.0780038833618164
5,30,0,opt,pauli,cyclic,True,1.4472579956054688
5,30,0,opt,pauli,linear,True,0.0348289012908935
5,30,1,gm,comp,cyclic,False,0.0497565269470214
5,30,1,gm,pauli,cyc_lin,False,0.0546505451202392
5,30,1,gm,pauli,cyclic,False,6.867237091064453
5,30,1,gm,pauli,linear,False,0.0207359790802001
5,30,1,opt,comp,cyclic,True,0.0498445034027099
5,30,1,opt,pauli,cyc_lin,True,0.0830028057098388
5,30,1,opt,pauli,cyclic,True,7.885070562362671
5,30,1,opt,pauli,linear,True,0.0401351451873779
5,30,2,gm,comp,cyclic,False,0.0372290611267089
5,30,2,gm,pauli,cyc_lin,False,0.041144847869873
5,30,2,gm,pauli,cyclic,False,1.521329402923584
5,30,2,gm,pauli,linear,False,0.0206413269042968
5,30,2,opt,comp,cyclic,True,0.0487840175628662
5,30,2,opt,pauli,cyc_lin,True,0.0568554401397705
5,30,2,opt,pauli,cyclic,True,1.4547348022460938
5,30,2,opt,pauli,linear,True,0.0308895111083984
5,30,3,gm,comp,cyclic,False,0.0151472091674804
5,30,3,gm,pauli,cyc_lin,False,0.0414912700653076
5,30,3,gm,pauli,cyclic,False,0.5615973472595215
5,30,3,gm,pauli,linear,False,0.0255308151245117
5,30,3,opt,comp,cyclic,True,0.0149800777435302
5,30,3,opt,pauli,cyc_lin,True,0.0405280590057373
5,30,3,opt,pauli,cyclic,True,0.4737362861633301
5,30,3,opt,pauli,linear,True,0.0917963981628418
5,30,4,gm,comp,cyclic,False,0.1159100532531738
5,30,4,gm,pauli,cyc_lin,False,0.0650746822357177
5,30,4,gm,pauli,cyclic,False,9.787367343902588
5,30,4,gm,pauli,linear,False,0.0190951824188232
5,30,4,opt,comp,cyclic,True,0.1062583923339843
5,30,4,opt,pauli,cyc_lin,True,0.0641090869903564
5,30,4,opt,pauli,cyclic,True,2.286956310272217
5,30,4,opt,pauli,linear,True,0.0412619113922119
5,30,5,gm,comp,cyclic,False,0.0729317665100097
5,30,5,gm,pauli,cyc_lin,False,0.0876805782318115
5,30,5,gm,pauli,cyclic,False,9.812254190444946
5,30,5,gm,pauli,linear,False,0.014275312423706
5,30,5,opt,comp,cyclic,True,0.0899455547332763
5,30,5,opt,pauli,cyc_lin,True,0.213179349899292
5,30,5,opt,pauli,cyclic,True,8.228331565856934
5,30,5,opt,pauli,linear,True,0.0463900566101074
5,30,6,gm,comp,cyclic,False,0.0878081321716308
5,30,6,gm,pauli,cyc_lin,False,0.0415065288543701
5,30,6,gm,pauli,cyclic,False,1.3818650245666504
5,30,6,gm,pauli,linear,False,0.012505292892456
5,30,6,opt,comp,cyclic,True,0.0604860782623291
5,30,6,opt,pauli,cyc_lin,True,0.0403339862823486
5,30,6,opt,pauli,cyclic,True,1.3569138050079346
5,30,6,opt,pauli,linear,True,0.0302410125732421
5,30,7,gm,comp,cyclic,False,0.0350792407989501
5,30,7,gm,pauli,cyc_lin,False,0.0427653789520263
5,30,7,gm,pauli,cyclic,False,0.4744951725006103
5,30,7,gm,pauli,linear,False,0.0207443237304687
5,30,7,opt,comp,cyclic,True,0.0369377136230468
5,30,7,opt,pauli,cyc_lin,True,0.0417075157165527
5,30,7,opt,pauli,cyclic,True,0.7201902866363525
5,30,7,opt,pauli,linear,True,0.0256235599517822
5,30,8,gm,comp,cyclic,False,0.1463212966918945
5,30,8,gm,pauli,cyc_lin,False,0.0799767971038818
5,30,8,gm,pauli,cyclic,False,5.883592128753662
5,30,8,gm,pauli,linear,False,0.0232188701629638
5,30,8,opt,comp,cyclic,True,0.1213254928588867
5,30,8,opt,pauli,cyc_lin,True,0.0774211883544921
5,30,8,opt,pauli,cyclic,True,4.963483095169067
5,30,8,opt,pauli,linear,True,0.0348751544952392
5,30,9,gm,comp,cyclic,False,0.065380573272705
5,30,9,gm,pauli,cyc_lin,False,0.1528446674346923
5,30,9,gm,pauli,cyclic,False,9.274083852767944
5,30,9,gm,pauli,linear,False,0.0206074714660644
5,30,9,opt,comp,cyclic,True,0.06838059425354
5,30,9,opt,pauli,cyc_lin,True,0.0940394401550293
5,30,9,opt,pauli,cyclic,True,10.365002393722534
5,30,9,opt,pauli,linear,True,0.0456190109252929
5,50,0,gm,comp,cyclic,False,0.8537998199462891
5,50,0,gm,pauli,cyc_lin,False,2.357229709625244
5,50,0,gm,pauli,cyclic,TIMEOUT,60.074148654937744
5,50,0,gm,pauli,linear,False,0.0532128810882568
5,50,0,opt,comp,cyclic,True,1.0510563850402832
5,50,0,opt,pauli,cyc_lin,True,1.845314264297485
5,50,0,opt,pauli,cyclic,TIMEOUT,60.0810329914093
5,50,0,opt,pauli,linear,True,0.5649471282958984
5,50,1,gm,comp,cyclic,False,0.4318039417266845
5,50,1,gm,pauli,cyc_lin,False,14.191716432571411
5,50,1,gm,pauli,cyclic,TIMEOUT,60.074902057647705
5,50,1,gm,pauli,linear,False,0.1365580558776855
5,50,1,opt,comp,cyclic,True,0.4375576972961426
5,50,1,opt,pauli,cyc_lin,True,5.6966845989227295
5,50,1,opt,pauli,cyclic,TIMEOUT,60.07647347450256
5,50,1,opt,pauli,linear,True,0.4477484226226806
5,50,2,gm,comp,cyclic,False,0.3094775676727295
5,50,2,gm,pauli,cyc_lin,False,0.8296616077423096
5,50,2,gm,pauli,cyclic,TIMEOUT,60.088109493255615
5,50,2,gm,pauli,linear,False,0.0956532955169677
5,50,2,opt,comp,cyclic,True,0.3329684734344482
5,50,2,opt,pauli,cyc_lin,True,2.8815059661865234
5,50,2,opt,pauli,cyclic,TIMEOUT,60.081467390060425
5,50,2,opt,pauli,linear,True,0.2009789943695068
5,50,3,gm,comp,cyclic,False,0.1134257316589355
5,50,3,gm,pauli,cyc_lin,False,0.2937114238739013
5,50,3,gm,pauli,cyclic,TIMEOUT,60.08417177200317
5,50,3,gm,pauli,linear,False,0.023536205291748
5,50,3,opt,comp,cyclic,True,0.1882052421569824
5,50,3,opt,pauli,cyc_lin,True,0.3523423671722412
5,50,3,opt,pauli,cyclic,TIMEOUT,60.07651662826538
5,50,3,opt,pauli,linear,True,0.0642056465148925
5,50,4,gm,comp,cyclic,False,0.4587182998657226
5,50,4,gm,pauli,cyc_lin,False,14.396607398986816
5,50,4,gm,pauli,cyclic,TIMEOUT,60.06080937385559
5,50,4,gm,pauli,linear,False,0.065892219543457
5,50,4,opt,comp,cyclic,True,0.4791593551635742
5,50,4,opt,pauli,cyc_lin,True,47.9496796131134
5,50,4,opt,pauli,cyclic,TIMEOUT,60.066486835479736
5,50,4,opt,pauli,linear,True,0.3424575328826904
5,50,5,gm,comp,cyclic,False,0.6752984523773193
5,50,5,gm,pauli,cyc_lin,False,10.66623854637146
5,50,5,gm,pauli,cyclic,TIMEOUT,60.07557654380798
5,50,5,gm,pauli,linear,False,0.1310155391693115
5,50,5,opt,comp,cyclic,True,0.579484224319458
5,50,5,opt,pauli,cyc_lin,TIMEOUT,60.07556414604187
5,50,5,opt,pauli,cyclic,TIMEOUT,60.093090295791626
5,50,5,opt,pauli,linear,True,0.5836379528045654
5,50,6,gm,comp,cyclic,False,0.2272748947143554
5,50,6,gm,pauli,cyc_lin,False,3.135699987411499
5,50,6,gm,pauli,cyclic,TIMEOUT,60.0930609703064
5,50,6,gm,pauli,linear,False,0.049152135848999
5,50,6,opt,comp,cyclic,True,0.2321906089782714
5,50,6,opt,pauli,cyc_lin,True,1.0264322757720947
5,50,6,opt,pauli,cyclic,TIMEOUT,60.093708753585815
5,50,6,opt,pauli,linear,True,0.1341090202331543
5,50,7,gm,comp,cyclic,False,0.3861613273620605
5,50,7,gm,pauli,cyc_lin,False,7.343250036239624
5,50,7,gm,pauli,cyclic,TIMEOUT,60.07625937461853
5,50,7,gm,pauli,linear,False,0.0797376632690429
5,50,7,opt,comp,cyclic,True,0.3758895397186279
5,50,7,opt,pauli,cyc_lin,True,13.9383442401886
5,50,7,opt,pauli,cyclic,TIMEOUT,60.08622622489929
5,50,7,opt,pauli,linear,True,0.485090970993042
5,50,8,gm,comp,cyclic,False,1.5897228717803955
5,50,8,gm,pauli,cyc_lin,False,7.607795476913452
5,50,8,gm,pauli,cyclic,TIMEOUT,60.090866804122925
5,50,8,gm,pauli,linear,False,0.1641206741333007
5,50,8,opt,comp,cyclic,True,1.1305692195892334
5,50,8,opt,pauli,cyc_lin,True,8.95929503440857
5,50,8,opt,pauli,cyclic,TIMEOUT,60.08711338043213
5,50,8,opt,pauli,linear,True,0.4494681358337402
5,50,9,gm,comp,cyclic,False,0.3384907245635986
5,50,9,gm,pauli,cyc_lin,False,18.80280113220215
5,50,9,gm,pauli,cyclic,TIMEOUT,60.080209732055664
5,50,9,gm,pauli,linear,False,0.0545670986175537
5,50,9,opt,comp,cyclic,True,0.367225170135498
5,50,9,opt,pauli,cyc_lin,True,19.089781999588013
5,50,9,opt,pauli,cyclic,TIMEOUT,60.073153018951416
5,50,9,opt,pauli,linear,True,0.3842835426330566
5,100,0,gm,comp,cyclic,False,1.706031084060669
5,100,0,gm,pauli,cyc_lin,TIMEOUT,60.108972787857056
5,100,0,gm,pauli,cyclic,TIMEOUT,60.080833435058594
5,100,0,opt,comp,cyclic,True,2.0142645835876465
5,100,0,opt,pauli,cyc_lin,TIMEOUT,60.03607535362244
5,100,0,opt,pauli,cyclic,TIMEOUT,60.07757353782654
5,100,4,gm,comp,cyclic,False,1.495781421661377
5,100,4,gm,pauli,cyc_lin,TIMEOUT,60.08544731140137
5,100,4,gm,pauli,cyclic,TIMEOUT,60.07429480552673
5,100,4,gm,pauli,linear,False,1.3566582202911377
5,100,4,opt,comp,cyclic,True,1.7636008262634275
5,100,4,opt,pauli,cyc_lin,TIMEOUT,60.09872841835022
5,100,4,opt,pauli,cyclic,TIMEOUT,60.06132411956787
5,100,4,opt,pauli,linear,True,2.394179582595825
5,100,7,gm,comp,cyclic,False,1.51936936378479
5,100,7,gm,pauli,cyc_lin,TIMEOUT,60.06777286529541
5,100,7,gm,pauli,cyclic,TIMEOUT,60.07939434051514
5,100,7,gm,pauli,linear,False,2.1893887519836426
5,100,7,opt,comp,cyclic,True,2.120975971221924
5,100,7,opt,pauli,cyc_lin,TIMEOUT,60.04950213432312
5,100,7,opt,pauli,cyclic,TIMEOUT,60.08488297462464
5,100,7,opt,pauli,linear,True,3.8538663387298575
5,150,2,gm,comp,cyclic,False,4.7675864696502686
5,150,2,gm,pauli,cyc_lin,TIMEOUT,60.07476043701172
5,150,2,gm,pauli,cyclic,TIMEOUT,60.065765619277954
5,150,2,gm,pauli,linear,False,4.714800596237183
5,150,2,opt,comp,cyclic,True,4.750962972640991
5,150,2,opt,pauli,cyc_lin,TIMEOUT,60.08278203010559
5,150,2,opt,pauli,cyclic,TIMEOUT,60.06575632095337
5,150,2,opt,pauli,linear,True,7.597445964813232
5,150,4,gm,comp,cyclic,False,6.340527534484863
5,150,4,gm,pauli,cyc_lin,TIMEOUT,60.07671070098877
5,150,4,gm,pauli,cyclic,TIMEOUT,60.066545248031616
5,150,4,opt,comp,cyclic,True,2.9052302837371826
5,150,4,opt,pauli,cyc_lin,TIMEOUT,60.05611729621887
5,150,4,opt,pauli,cyclic,TIMEOUT,60.10588073730469
5,150,6,gm,comp,cyclic,False,3.551542282104492
5,150,6,gm,pauli,cyc_lin,TIMEOUT,60.06211447715759
5,150,6,gm,pauli,cyclic,TIMEOUT,60.08468985557556
5,150,6,gm,pauli,linear,False,3.952540159225464
5,150,6,opt,comp,cyclic,True,4.3943586349487305
5,150,6,opt,pauli,cyc_lin,TIMEOUT,60.07273578643799
5,150,6,opt,pauli,cyclic,TIMEOUT,60.06732630729675
5,150,6,opt,pauli,linear,True,5.4863197803497314
5,150,7,gm,comp,cyclic,False,2.3597171306610107
5,150,7,gm,pauli,cyc_lin,TIMEOUT,60.077645778656006
5,150,7,gm,pauli,cyclic,TIMEOUT,60.088343143463135
5,150,7,gm,pauli,linear,False,4.076418876647949
5,150,7,opt,comp,cyclic,True,2.4556329250335693
5,150,7,opt,pauli,cyc_lin,TIMEOUT,60.09306859970093
5,150,7,opt,pauli,cyclic,TIMEOUT,60.0602011680603
5,150,7,opt,pauli,linear,True,7.843327045440674
5,150,9,gm,comp,cyclic,False,3.294846773147583
5,150,9,gm,pauli,cyc_lin,TIMEOUT,60.070778369903564
5,150,9,gm,pauli,cyclic,TIMEOUT,60.05883145332336
5,150,9,opt,comp,cyclic,True,2.843742609024048
5,150,9,opt,pauli,cyc_lin,TIMEOUT,60.07084226608277
5,150,9,opt,pauli,cyclic,TIMEOUT,60.08638525009155
5,200,6,gm,comp,cyclic,False,5.615922212600708
5,200,6,gm,pauli,cyc_lin,TIMEOUT,60.06153893470764
5,200,6,gm,pauli,cyclic,TIMEOUT,60.07366824150085
5,200,6,opt,comp,cyclic,True,5.515459299087524
5,200,6,opt,pauli,cyc_lin,TIMEOUT,60.06881928443909
5,200,6,opt,pauli,cyclic,TIMEOUT,60.10917401313782
10,5,0,gm,comp,cyclic,False,0.0075447559356689
10,5,0,gm,pauli,cyc_lin,False,0.017303466796875
10,5,0,gm,pauli,cyclic,False,0.0148892402648925
10,5,0,gm,pauli,linear,False,0.0118176937103271
10,5,0,opt,comp,cyclic,True,0.0088980197906494
10,5,0,opt,pauli,cyc_lin,True,0.018913984298706
10,5,0,opt,pauli,cyclic,True,0.0131270885467529
10,5,0,opt,pauli,linear,True,0.0216271877288818
10,5,1,gm,comp,cyclic,False,0.008591890335083
10,5,1,gm,pauli,cyc_lin,False,0.0142250061035156
10,5,1,gm,pauli,cyclic,False,0.027151346206665
10,5,1,gm,pauli,linear,False,0.0109658241271972
10,5,1,opt,comp,cyclic,True,0.0090901851654052
10,5,1,opt,pauli,cyc_lin,True,0.0213005542755126
10,5,1,opt,pauli,cyclic,True,0.0227975845336914
10,5,1,opt,pauli,linear,True,0.0206563472747802
10,5,2,gm,comp,cyclic,False,0.0067651271820068
10,5,2,gm,pauli,cyc_lin,False,0.0101397037506103
10,5,2,gm,pauli,cyclic,False,0.0106034278869628
10,5,2,gm,pauli,linear,False,0.0089912414550781
10,5,2,opt,comp,cyclic,True,0.007303237915039
10,5,2,opt,pauli,cyc_lin,True,0.0150279998779296
10,5,2,opt,pauli,cyclic,True,0.0120716094970703
10,5,2,opt,pauli,linear,True,0.0173711776733398
10,5,3,gm,comp,cyclic,False,0.006568431854248
10,5,3,gm,pauli,cyc_lin,False,0.0129642486572265
10,5,3,gm,pauli,cyclic,False,0.0105965137481689
10,5,3,gm,pauli,linear,False,0.0549623966217041
10,5,3,opt,comp,cyclic,True,0.0070831775665283
10,5,3,opt,pauli,cyc_lin,True,0.0145514011383056
10,5,3,opt,pauli,cyclic,True,0.0100297927856445
10,5,3,opt,pauli,linear,True,0.0228283405303955
10,5,4,gm,comp,cyclic,False,0.0080327987670898
10,5,4,gm,pauli,cyc_lin,False,0.0147159099578857
10,5,4,gm,pauli,cyclic,False,0.012230634689331
10,5,4,gm,pauli,linear,False,0.0105257034301757
10,5,4,opt,comp,cyclic,True,0.0087409019470214
10,5,4,opt,pauli,cyc_lin,True,0.0186569690704345
10,5,4,opt,pauli,cyclic,True,0.0115633010864257
10,5,4,opt,pauli,linear,True,0.0204608440399169
10,5,5,gm,comp,cyclic,False,0.0227394104003906
10,5,5,gm,pauli,cyc_lin,False,0.0422277450561523
10,5,5,gm,pauli,cyclic,False,0.0422699451446533
10,5,5,gm,pauli,linear,False,0.0546696186065673
10,5,5,opt,comp,cyclic,True,0.0288789272308349
10,5,5,opt,pauli,cyc_lin,True,0.0528757572174072
10,5,5,opt,pauli,cyclic,True,0.0444972515106201
10,5,5,opt,pauli,linear,True,0.1097693443298339
10,5,6,gm,comp,cyclic,False,0.0169248580932617
10,5,6,gm,pauli,cyc_lin,False,0.0432682037353515
10,5,6,gm,pauli,cyclic,False,0.0347514152526855
10,5,6,gm,pauli,linear,False,0.0694291591644287
10,5,6,opt,comp,cyclic,True,0.0201849937438964
10,5,6,opt,pauli,cyc_lin,True,0.0407772064208984
10,5,6,opt,pauli,cyclic,True,0.0236833095550537
10,5,6,opt,pauli,linear,True,0.1098675727844238
10,5,7,gm,comp,cyclic,False,0.007103681564331
10,5,7,gm,pauli,cyc_lin,False,0.014028787612915
10,5,7,gm,pauli,cyclic,False,0.012319803237915
10,5,7,gm,pauli,linear,False,0.030135154724121
10,5,7,opt,comp,cyclic,True,0.0065035820007324
10,5,7,opt,pauli,cyc_lin,True,0.0181186199188232
10,5,7,opt,pauli,cyclic,True,0.0125892162322998
10,5,7,opt,pauli,linear,True,0.0416085720062255
10,5,8,gm,comp,cyclic,False,0.0077672004699707
10,5,8,gm,pauli,cyc_lin,False,0.0112340450286865
10,5,8,gm,pauli,cyclic,False,0.0143332481384277
10,5,8,gm,pauli,linear,False,0.0155768394470214
10,5,8,opt,comp,cyclic,True,0.0085270404815673
10,5,8,opt,pauli,cyc_lin,True,0.0206904411315917
10,5,8,opt,pauli,cyclic,True,0.017085313796997
10,5,8,opt,pauli,linear,True,0.0244832038879394
10,5,9,gm,comp,cyclic,False,0.0084686279296875
10,5,9,gm,pauli,cyc_lin,False,0.0190968513488769
10,5,9,gm,pauli,cyclic,False,0.0143177509307861
10,5,9,gm,pauli,linear,False,0.0589869022369384
10,5,9,opt,comp,cyclic,True,0.0129415988922119
10,5,9,opt,pauli,cyc_lin,True,0.0197889804840087
10,5,9,opt,pauli,cyclic,True,0.0145633220672607
10,5,9,opt,pauli,linear,True,0.1020665168762207
10,10,0,gm,comp,cyclic,False,0.0118083953857421
10,10,0,gm,pauli,cyc_lin,False,0.0281791687011718
10,10,0,gm,pauli,cyclic,False,0.0563883781433105
10,10,0,gm,pauli,linear,False,0.0175554752349853
10,10,0,opt,comp,cyclic,True,0.0128464698791503
10,10,0,opt,pauli,cyc_lin,True,0.0446305274963378
10,10,0,opt,pauli,cyclic,True,0.060448408126831
10,10,0,opt,pauli,linear,True,0.0785548686981201
10,10,1,gm,comp,cyclic,False,0.09033203125
10,10,1,gm,pauli,cyc_lin,False,0.0667669773101806
10,10,1,gm,pauli,cyclic,False,1.2813923358917236
10,10,1,gm,pauli,linear,False,0.0864045619964599
10,10,1,opt,comp,cyclic,True,0.1222996711730957
10,10,1,opt,pauli,cyc_lin,True,0.1579751968383789
10,10,1,opt,pauli,cyclic,True,1.6078648567199707
10,10,1,opt,pauli,linear,True,0.1410439014434814
10,10,2,gm,comp,cyclic,False,0.0097224712371826
10,10,2,gm,pauli,cyc_lin,False,0.0214455127716064
10,10,2,gm,pauli,cyclic,False,0.0315103530883789
10,10,2,gm,pauli,linear,False,0.0129210948944091
10,10,2,opt,comp,cyclic,True,0.0100512504577636
10,10,2,opt,pauli,cyc_lin,True,0.0320560932159423
10,10,2,opt,pauli,cyclic,True,0.0379657745361328
10,10,2,opt,pauli,linear,True,0.0254137516021728
10,10,3,gm,comp,cyclic,False,0.0191898345947265
10,10,3,gm,pauli,cyc_lin,False,0.0386037826538085
10,10,3,gm,pauli,cyclic,False,0.0558493137359619
10,10,3,gm,pauli,linear,False,0.0240788459777832
10,10,3,opt,comp,cyclic,True,0.0197463035583496
10,10,3,opt,pauli,cyc_lin,True,0.0539801120758056
10,10,3,opt,pauli,cyclic,True,0.055410623550415
10,10,3,opt,pauli,linear,True,0.0472886562347412
10,10,4,gm,comp,cyclic,False,0.0533077716827392
10,10,4,gm,pauli,cyc_lin,False,0.0719244480133056
10,10,4,gm,pauli,cyclic,False,1.404900312423706
10,10,4,gm,pauli,linear,False,0.041863203048706
10,10,4,opt,comp,cyclic,True,0.0630183219909668
10,10,4,opt,pauli,cyc_lin,True,0.0727100372314453
10,10,4,opt,pauli,cyclic,True,1.4229705333709717
10,10,4,opt,pauli,linear,True,0.0692825317382812
10,10,5,gm,comp,cyclic,False,0.0138120651245117
10,10,5,gm,pauli,cyc_lin,False,0.0500268936157226
10,10,5,gm,pauli,cyclic,False,0.0614540576934814
10,10,5,gm,pauli,linear,False,0.0180141925811767
10,10,5,opt,comp,cyclic,True,0.0142304897308349
10,10,5,opt,pauli,cyc_lin,True,0.0481305122375488
10,10,5,opt,pauli,cyclic,True,0.0621614456176757
10,10,5,opt,pauli,linear,True,0.0337505340576171
10,10,6,gm,comp,cyclic,False,0.0163335800170898
10,10,6,gm,pauli,cyc_lin,False,0.05184006690979
10,10,6,gm,pauli,cyclic,False,0.0353322029113769
10,10,6,gm,pauli,linear,False,0.0515081882476806
10,10,6,opt,comp,cyclic,True,0.0168168544769287
10,10,6,opt,pauli,cyc_lin,True,0.0515735149383544
10,10,6,opt,pauli,cyclic,True,0.0390846729278564
10,10,6,opt,pauli,linear,True,0.0701241493225097
10,10,7,gm,comp,cyclic,False,0.0096402168273925
10,10,7,gm,pauli,cyc_lin,False,0.036001443862915
10,10,7,gm,pauli,cyclic,False,0.0355095863342285
10,10,7,gm,pauli,linear,False,0.0245325565338134
10,10,7,opt,comp,cyclic,True,0.0096180438995361
10,10,7,opt,pauli,cyc_lin,True,0.0325276851654052
10,10,7,opt,pauli,cyclic,True,0.0322644710540771
10,10,7,opt,pauli,linear,True,0.0382618904113769
10,10,8,gm,comp,cyclic,False,0.0233902931213378
10,10,8,gm,pauli,cyc_lin,False,0.0584588050842285
10,10,8,gm,pauli,cyclic,False,0.3840823173522949
10,10,8,gm,pauli,linear,False,0.0183792114257812
10,10,8,opt,comp,cyclic,True,0.0242617130279541
10,10,8,opt,pauli,cyc_lin,True,0.059927225112915
10,10,8,opt,pauli,cyclic,True,0.3551642894744873
10,10,8,opt,pauli,linear,True,0.0339119434356689
10,10,9,gm,comp,cyclic,False,0.0452516078948974
10,10,9,gm,pauli,cyc_lin,False,0.1119101047515869
10,10,9,gm,pauli,cyclic,False,0.2914159297943115
10,10,9,gm,pauli,linear,False,0.0901200771331787
10,10,9,opt,comp,cyclic,True,0.0639779567718505
10,10,9,opt,pauli,cyc_lin,True,0.1105058193206787
10,10,9,opt,pauli,cyclic,True,0.2652063369750976
10,10,9,opt,pauli,linear,True,0.1492807865142822
10,20,0,gm,comp,cyclic,False,8.779293775558472
10,20,0,gm,pauli,cyc_lin,False,0.1000375747680664
10,20,0,gm,pauli,linear,False,0.0290195941925048
10,20,0,opt,comp,cyclic,True,8.964017152786255
10,20,0,opt,pauli,cyc_lin,True,0.1180601119995117
10,20,0,opt,pauli,linear,True,0.0584843158721923
10,20,1,gm,comp,cyclic,False,2.791292667388916
10,20,1,gm,pauli,cyc_lin,False,0.1009497642517089
10,20,1,gm,pauli,linear,False,0.0280637741088867
10,20,1,opt,comp,cyclic,True,5.1212334632873535
10,20,1,opt,pauli,cyc_lin,True,0.1286203861236572
10,20,1,opt,pauli,linear,True,0.1385045051574707
10,20,2,gm,comp,cyclic,False,0.1164329051971435
10,20,2,gm,pauli,cyc_lin,False,0.1282508373260498
10,20,2,gm,pauli,linear,False,0.0465767383575439
10,20,2,opt,comp,cyclic,True,0.1028807163238525
10,20,2,opt,pauli,cyc_lin,True,0.1538701057434082
10,20,2,opt,pauli,cyclic,True,55.459802865982056
10,20,2,opt,pauli,linear,True,0.0486619472503662
10,20,3,gm,comp,cyclic,False,0.466078519821167
10,20,3,gm,pauli,cyc_lin,False,0.1222157478332519
10,20,3,gm,pauli,linear,False,0.0244314670562744
10,20,3,opt,comp,cyclic,True,0.544553279876709
10,20,3,opt,pauli,cyc_lin,True,0.1118853092193603
10,20,3,opt,pauli,linear,True,0.0531158447265625
10,20,4,gm,comp,cyclic,False,5.321289777755737
10,20,4,gm,pauli,cyc_lin,False,0.2085428237915039
10,20,4,gm,pauli,linear,False,0.0385365486145019
10,20,4,opt,comp,cyclic,True,9.16030216217041
10,20,4,opt,pauli,cyc_lin,True,0.2019484043121338
10,20,4,opt,pauli,linear,True,0.0660402774810791
10,20,5,gm,comp,cyclic,False,0.487896203994751
10,20,5,gm,pauli,cyc_lin,False,0.1009373664855957
10,20,5,gm,pauli,cyclic,False,58.82813119888306
10,20,5,gm,pauli,linear,False,0.0316615104675293
10,20,5,opt,comp,cyclic,True,0.4873912334442138
10,20,5,opt,pauli,cyc_lin,True,0.1094031333923339
10,20,5,opt,pauli,linear,True,0.057511568069458
10,20,6,gm,comp,cyclic,False,0.1203386783599853
10,20,6,gm,pauli,cyc_lin,False,0.1085028648376464
10,20,6,gm,pauli,cyclic,False,21.162107229232788
10,20,6,gm,pauli,linear,False,0.036017894744873
10,20,6,opt,comp,cyclic,True,0.1050701141357421
10,20,6,opt,pauli,cyc_lin,True,0.1105003356933593
10,20,6,opt,pauli,cyclic,True,11.210759401321411
10,20,6,opt,pauli,linear,True,0.0516831874847412
10,20,7,gm,comp,cyclic,False,1.1495344638824463
10,20,7,gm,pauli,cyc_lin,False,0.1061301231384277
10,20,7,gm,pauli,cyclic,TIMEOUT,60.06190729141235
10,20,7,gm,pauli,linear,False,0.0321218967437744
10,20,7,opt,comp,cyclic,True,0.6507911682128906
10,20,7,opt,pauli,cyc_lin,True,0.1434299945831298
10,20,7,opt,pauli,cyclic,TIMEOUT,60.071781396865845
10,20,7,opt,pauli,linear,True,0.0620043277740478
10,20,8,gm,comp,cyclic,TIMEOUT,60.11452341079712
10,20,8,gm,pauli,cyc_lin,False,0.246321439743042
10,20,8,gm,pauli,cyclic,TIMEOUT,60.06667184829712
10,20,8,gm,pauli,linear,False,0.0334980487823486
10,20,8,opt,comp,cyclic,TIMEOUT,60.11325812339783
10,20,8,opt,pauli,cyc_lin,True,0.399956464767456
10,20,8,opt,pauli,cyclic,TIMEOUT,60.07530736923218
10,20,8,opt,pauli,linear,True,0.0912649631500244
10,20,9,gm,comp,cyclic,False,0.4797172546386719
10,20,9,gm,pauli,cyc_lin,False,0.1349883079528808
10,20,9,gm,pauli,linear,False,0.0368034839630126
10,20,9,opt,comp,cyclic,True,0.6928858757019043
10,20,9,opt,pauli,cyc_lin,True,0.1235759258270263
10,20,9,opt,pauli,linear,True,0.0618426799774169
10,30,0,gm,pauli,cyc_lin,False,0.2652485370635986
10,30,0,gm,pauli,linear,False,0.0392308235168457
10,30,0,opt,pauli,cyc_lin,True,0.2240078449249267
10,30,0,opt,pauli,linear,True,0.1330657005310058
10,30,1,gm,pauli,cyc_lin,False,0.8178000450134277
10,30,1,gm,pauli,linear,False,0.0461869239807128
10,30,1,opt,pauli,cyc_lin,True,0.872978687286377
10,30,1,opt,pauli,linear,True,0.3595848083496094
10,30,2,gm,comp,cyclic,TIMEOUT,60.06905174255371
10,30,2,gm,pauli,cyc_lin,False,0.1494390964508056
10,30,2,gm,pauli,cyclic,TIMEOUT,60.05686473846436
10,30,2,gm,pauli,linear,False,0.033785343170166
10,30,2,opt,comp,cyclic,True,43.24757981300354
10,30,2,opt,pauli,cyc_lin,True,0.2243566513061523
10,30,2,opt,pauli,cyclic,TIMEOUT,60.05025935173035
10,30,2,opt,pauli,linear,True,0.0744674205780029
10,30,3,gm,pauli,cyc_lin,False,0.8272178173065186
10,30,3,gm,pauli,linear,False,0.0511720180511474
10,30,3,opt,pauli,cyc_lin,True,0.9526042938232422
10,30,3,opt,pauli,linear,True,0.3535804748535156
10,30,4,gm,pauli,cyc_lin,False,0.9029526710510254
10,30,4,gm,pauli,linear,False,0.1092886924743652
10,30,4,opt,pauli,cyc_lin,True,0.3979778289794922
10,30,4,opt,pauli,linear,True,0.1766467094421386
10,30,5,gm,comp,cyclic,False,3.359951496124268
10,30,5,gm,pauli,cyc_lin,False,0.3435251712799072
10,30,5,gm,pauli,linear,False,0.0505809783935546
10,30,5,opt,comp,cyclic,True,10.883978843688965
10,30,5,opt,pauli,cyc_lin,True,0.1870582103729248
10,30,5,opt,pauli,linear,True,0.1201436519622802
10,30,6,gm,comp,cyclic,False,20.408862352371216
10,30,6,gm,pauli,cyc_lin,False,0.3924312591552734
10,30,6,gm,pauli,linear,False,0.036104679107666
10,30,6,opt,comp,cyclic,True,20.54247808456421
10,30,6,opt,pauli,cyc_lin,True,0.3570029735565185
10,30,6,opt,pauli,linear,True,0.1479425430297851
10,30,7,gm,comp,cyclic,False,19.197949171066284
10,30,7,gm,pauli,cyc_lin,False,0.1821472644805908
10,30,7,gm,pauli,cyclic,TIMEOUT,60.07873320579529
10,30,7,gm,pauli,linear,False,0.0382082462310791
10,30,7,opt,comp,cyclic,True,17.03496217727661
10,30,7,opt,pauli,cyc_lin,True,0.2122824192047119
10,30,7,opt,pauli,cyclic,TIMEOUT,60.062949657440186
10,30,7,opt,pauli,linear,True,0.0888228416442871
10,30,8,gm,pauli,cyc_lin,False,5.278209447860718
10,30,8,gm,pauli,linear,False,0.0386955738067626
10,30,8,opt,pauli,cyc_lin,True,1.5554924011230469
10,30,8,opt,pauli,linear,True,1.325934648513794
10,30,9,gm,pauli,cyc_lin,False,0.8891458511352539
10,30,9,gm,pauli,linear,False,0.0394849777221679
10,30,9,opt,pauli,cyc_lin,True,0.4526426792144775
10,30,9,opt,pauli,linear,True,0.344912052154541
10,50,0,gm,comp,cyclic,TIMEOUT,60.14452767372131
10,50,0,gm,pauli,cyc_lin,TIMEOUT,60.06334853172302
10,50,0,gm,pauli,cyclic,TIMEOUT,60.07410645484924
10,50,0,gm,pauli,linear,False,0.1135454177856445
10,50,0,opt,comp,cyclic,TIMEOUT,60.1331729888916
10,50,0,opt,pauli,cyc_lin,TIMEOUT,60.07007622718811
10,50,0,opt,pauli,cyclic,TIMEOUT,60.09424781799317
10,50,0,opt,pauli,linear,TIMEOUT,60.1161630153656
10,50,1,gm,pauli,linear,False,0.0997095108032226
10,50,2,gm,pauli,linear,False,0.2091891765594482
10,50,3,gm,pauli,linear,False,0.0997953414916992
10,50,4,gm,pauli,linear,False,5.483758926391602
10,50,5,gm,pauli,linear,False,0.2357130050659179
10,50,6,gm,pauli,linear,False,0.4505729675292969
10,50,7,gm,pauli,linear,False,0.1703729629516601
10,50,8,gm,pauli,linear,False,0.1722185611724853
10,50,8,opt,comp,cyclic,TIMEOUT,60.13063764572144
10,50,8,opt,pauli,cyclic,TIMEOUT,60.09333634376526
10,50,8,opt,pauli,linear,TIMEOUT,60.15045690536499
10,50,9,gm,pauli,linear,False,0.7281284332275391
10,100,1,gm,comp,cyclic,TIMEOUT,60.117767333984375
10,100,1,gm,pauli,cyc_lin,TIMEOUT,60.06217241287232
10,100,1,gm,pauli,cyclic,TIMEOUT,60.06396150588989
10,100,1,gm,pauli,linear,TIMEOUT,60.36504244804382
10,100,1,opt,comp,cyclic,TIMEOUT,60.14341902732849
10,100,1,opt,pauli,cyc_lin,TIMEOUT,60.07177400588989
10,100,1,opt,pauli,cyclic,TIMEOUT,60.0624430179596
10,100,1,opt,pauli,linear,TIMEOUT,60.36903190612793
10,100,2,gm,comp,cyclic,TIMEOUT,60.10662078857422
10,100,2,gm,pauli,cyc_lin,TIMEOUT,60.015151023864746
10,100,2,gm,pauli,cyclic,TIMEOUT,60.03989911079407
10,100,2,gm,pauli,linear,TIMEOUT,60.328357458114624
10,100,2,opt,comp,cyclic,TIMEOUT,60.11149835586548
10,100,2,opt,pauli,cyc_lin,TIMEOUT,60.07019066810608
10,100,2,opt,pauli,cyclic,TIMEOUT,60.0651216506958
10,100,2,opt,pauli,linear,TIMEOUT,60.33705806732178
10,100,5,gm,comp,cyclic,TIMEOUT,60.1221489906311
10,100,5,gm,pauli,cyc_lin,TIMEOUT,60.07427668571472
10,100,5,gm,pauli,cyclic,TIMEOUT,60.06933808326721
10,100,5,gm,pauli,linear,TIMEOUT,60.33063673973084
10,100,5,opt,comp,cyclic,TIMEOUT,60.10657095909119
10,100,5,opt,pauli,cyc_lin,TIMEOUT,60.10871148109436
10,100,5,opt,pauli,cyclic,TIMEOUT,60.065794706344604
10,100,5,opt,pauli,linear,TIMEOUT,60.302011013031006
10,150,1,gm,comp,cyclic,TIMEOUT,60.113012075424194
10,150,1,gm,pauli,cyc_lin,TIMEOUT,60.08775615692139
10,150,1,gm,pauli,cyclic,TIMEOUT,60.07389044761658
10,150,1,gm,pauli,linear,TIMEOUT,60.39832448959351
10,150,1,opt,comp,cyclic,TIMEOUT,60.113017320632935
10,150,1,opt,pauli,cyc_lin,TIMEOUT,60.05678343772888
10,150,1,opt,pauli,cyclic,TIMEOUT,60.02712845802307
10,150,1,opt,pauli,linear,TIMEOUT,60.41857147216797
10,150,3,gm,comp,cyclic,TIMEOUT,60.1246862411499
10,150,3,gm,pauli,cyc_lin,TIMEOUT,60.03657364845276
10,150,3,gm,pauli,cyclic,TIMEOUT,60.100229263305664
10,150,3,gm,pauli,linear,TIMEOUT,60.375211000442505
10,150,3,opt,comp,cyclic,TIMEOUT,60.14933252334595
10,150,3,opt,pauli,cyc_lin,TIMEOUT,60.06575584411621
10,150,3,opt,pauli,cyclic,TIMEOUT,60.07766389846802
10,150,3,opt,pauli,linear,TIMEOUT,60.37376403808594
10,150,5,gm,comp,cyclic,TIMEOUT,60.11222958564758
10,150,5,gm,pauli,cyc_lin,TIMEOUT,60.05828094482422
10,150,5,gm,pauli,cyclic,TIMEOUT,60.076980113983154
10,150,5,opt,comp,cyclic,TIMEOUT,60.11477732658386
10,150,5,opt,pauli,cyc_lin,TIMEOUT,60.08656620979309
10,150,5,opt,pauli,cyclic,TIMEOUT,60.07261848449707
10,150,8,gm,comp,cyclic,TIMEOUT,60.13145232200623
10,150,8,gm,pauli,cyc_lin,TIMEOUT,60.08851981163025
10,150,8,gm,pauli,cyclic,TIMEOUT,60.076836585998535
10,150,8,gm,pauli,linear,TIMEOUT,60.34636664390564
10,150,8,opt,comp,cyclic,TIMEOUT,60.11006569862366
10,150,8,opt,pauli,cyc_lin,TIMEOUT,60.04299783706665
10,150,8,opt,pauli,cyclic,TIMEOUT,60.06628394126892
10,150,8,opt,pauli,linear,TIMEOUT,60.40403318405152
10,150,9,gm,comp,cyclic,TIMEOUT,60.12047600746155
10,150,9,gm,pauli,cyc_lin,TIMEOUT,60.08036684989929
10,150,9,gm,pauli,cyclic,TIMEOUT,60.065377950668335
10,150,9,gm,pauli,linear,TIMEOUT,60.36145305633545
10,150,9,opt,comp,cyclic,TIMEOUT,60.1240291595459
10,150,9,opt,pauli,cyc_lin,TIMEOUT,60.10241436958313
10,150,9,opt,pauli,cyclic,TIMEOUT,60.07102632522583
10,150,9,opt,pauli,linear,TIMEOUT,60.40428400039673
10,200,3,gm,comp,cyclic,TIMEOUT,60.11818838119507
10,200,3,gm,pauli,cyc_lin,TIMEOUT,60.09243965148926
10,200,3,gm,pauli,cyclic,TIMEOUT,60.08447241783142
10,200,3,gm,pauli,linear,TIMEOUT,60.38580846786499
10,200,3,opt,comp,cyclic,TIMEOUT,60.125364542007446
10,200,3,opt,pauli,cyc_lin,TIMEOUT,60.02959156036377
10,200,3,opt,pauli,cyclic,TIMEOUT,60.02544856071472
10,200,3,opt,pauli,linear,TIMEOUT,60.37194871902466
10,200,4,gm,comp,cyclic,TIMEOUT,60.12668251991272
10,200,4,gm,pauli,cyc_lin,TIMEOUT,60.07647895812988
10,200,4,gm,pauli,cyclic,TIMEOUT,60.08457827568054
10,200,4,gm,pauli,linear,TIMEOUT,60.41353631019592
10,200,4,opt,comp,cyclic,TIMEOUT,60.1300904750824
10,200,4,opt,pauli,cyc_lin,TIMEOUT,60.035762548446655
10,200,4,opt,pauli,cyclic,TIMEOUT,60.07979249954224
10,200,4,opt,pauli,linear,TIMEOUT,60.372605323791504
10,200,5,gm,comp,cyclic,TIMEOUT,60.112754344940186
10,200,5,gm,pauli,cyc_lin,TIMEOUT,60.09981417655945
10,200,5,gm,pauli,cyclic,TIMEOUT,60.06957817077637
10,200,5,opt,comp,cyclic,TIMEOUT,60.13260364532471
10,200,5,opt,pauli,cyc_lin,TIMEOUT,60.02527141571045
10,200,5,opt,pauli,cyclic,TIMEOUT,60.067161321640015
10,200,6,gm,comp,cyclic,TIMEOUT,60.11637330055237
10,200,6,gm,pauli,cyc_lin,TIMEOUT,60.09176754951477
10,200,6,gm,pauli,cyclic,TIMEOUT,60.08238410949707
10,200,6,gm,pauli,linear,TIMEOUT,60.428075075149536
10,200,6,opt,comp,cyclic,TIMEOUT,60.11738991737366
10,200,6,opt,pauli,cyc_lin,TIMEOUT,60.07176208496094
10,200,6,opt,pauli,cyclic,TIMEOUT,60.07105994224548
10,200,6,opt,pauli,linear,TIMEOUT,60.4333119392395
10,200,7,gm,comp,cyclic,TIMEOUT,60.12519335746765
10,200,7,gm,pauli,cyc_lin,TIMEOUT,60.06954717636109
10,200,7,gm,pauli,cyclic,TIMEOUT,60.07086992263794
10,200,7,gm,pauli,linear,TIMEOUT,60.3540096282959
10,200,7,opt,comp,cyclic,TIMEOUT,60.12318158149719
10,200,7,opt,pauli,cyc_lin,TIMEOUT,60.02675175666809
10,200,7,opt,pauli,cyclic,TIMEOUT,60.07868313789368
10,200,7,opt,pauli,linear,TIMEOUT,60.32294821739197
10,200,9,gm,comp,cyclic,TIMEOUT,60.13627624511719
10,200,9,gm,pauli,cyc_lin,TIMEOUT,60.08717203140259
10,200,9,gm,pauli,cyclic,TIMEOUT,60.08075380325317
10,200,9,gm,pauli,linear,TIMEOUT,60.39370107650757
10,200,9,opt,comp,cyclic,TIMEOUT,60.13151431083679
10,200,9,opt,pauli,cyc_lin,TIMEOUT,60.08377647399902
10,200,9,opt,pauli,cyclic,TIMEOUT,60.07493329048157
10,200,9,opt,pauli,linear,TIMEOUT,60.38096117973328
20,5,0,gm,comp,cyclic,False,0.0363602638244628
20,5,0,gm,pauli,cyc_lin,False,0.0963156223297119
20,5,0,gm,pauli,cyclic,False,0.07271409034729
20,5,0,gm,pauli,linear,False,0.1849088668823242
20,5,0,opt,comp,cyclic,True,0.0386073589324951
20,5,0,opt,pauli,cyc_lin,True,0.1648244857788086
20,5,0,opt,pauli,cyclic,True,0.0592732429504394
20,5,0,opt,pauli,linear,True,0.2068500518798828
20,5,1,gm,comp,cyclic,False,0.0155901908874511
20,5,1,gm,pauli,cyc_lin,False,0.063040018081665
20,5,1,gm,pauli,cyclic,False,0.029022216796875
20,5,1,gm,pauli,linear,False,0.048318862915039
20,5,1,opt,comp,cyclic,True,0.0117671489715576
20,5,1,opt,pauli,cyc_lin,True,0.0713586807250976
20,5,1,opt,pauli,cyclic,True,0.0210905075073242
20,5,1,opt,pauli,linear,True,0.06813645362854
20,5,2,gm,comp,cyclic,False,0.0114979743957519
20,5,2,gm,pauli,cyc_lin,False,0.0510423183441162
20,5,2,gm,pauli,cyclic,False,0.0241601467132568
20,5,2,gm,pauli,linear,False,0.0491926670074462
20,5,2,opt,comp,cyclic,True,0.0178215503692626
20,5,2,opt,pauli,cyc_lin,True,0.1378767490386963
20,5,2,opt,pauli,cyclic,True,0.0252289772033691
20,5,2,opt,pauli,linear,True,0.0629527568817138
20,5,3,gm,comp,cyclic,False,0.0088934898376464
20,5,3,gm,pauli,cyc_lin,False,0.045644998550415
20,5,3,gm,pauli,cyclic,False,0.0191750526428222
20,5,3,gm,pauli,linear,False,0.033653974533081
20,5,3,opt,comp,cyclic,True,0.0097784996032714
20,5,3,opt,pauli,cyc_lin,True,0.0512683391571044
20,5,3,opt,pauli,cyclic,True,0.0190298557281494
20,5,3,opt,pauli,linear,True,0.0540683269500732
20,5,4,gm,comp,cyclic,False,0.0093371868133544
20,5,4,gm,pauli,cyc_lin,False,0.0351552963256835
20,5,4,gm,pauli,cyclic,False,0.0182323455810546
20,5,4,gm,pauli,linear,False,0.0250568389892578
20,5,4,opt,comp,cyclic,True,0.0095067024230957
20,5,4,opt,pauli,cyc_lin,True,0.0496687889099121
20,5,4,opt,pauli,cyclic,True,0.0193803310394287
20,5,4,opt,pauli,linear,True,0.0502099990844726
20,5,5,gm,comp,cyclic,False,0.0100922584533691
20,5,5,gm,pauli,cyc_lin,False,0.0484130382537841
20,5,5,gm,pauli,cyclic,False,0.0189430713653564
20,5,5,gm,pauli,linear,False,0.0273282527923584
20,5,5,opt,comp,cyclic,True,0.0105385780334472
20,5,5,opt,pauli,cyc_lin,True,0.0489518642425537
20,5,5,opt,pauli,cyclic,True,0.0193648338317871
20,5,5,opt,pauli,linear,True,0.0542664527893066
20,5,6,gm,comp,cyclic,False,0.0147039890289306
20,5,6,gm,pauli,cyc_lin,False,0.0720748901367187
20,5,6,gm,pauli,cyclic,False,0.0279910564422607
20,5,6,gm,pauli,linear,False,0.0405359268188476
20,5,6,opt,comp,cyclic,True,0.0139901638031005
20,5,6,opt,pauli,cyc_lin,True,0.0742774009704589
20,5,6,opt,pauli,cyclic,True,0.0266420841217041
20,5,6,opt,pauli,linear,True,0.0658509731292724
20,5,7,gm,comp,cyclic,False,0.0140478610992431
20,5,7,gm,pauli,cyc_lin,False,0.0800292491912841
20,5,7,gm,pauli,cyclic,False,0.0300447940826416
20,5,7,gm,pauli,linear,False,0.0423848628997802
20,5,7,opt,comp,cyclic,True,0.0143671035766601
20,5,7,opt,pauli,cyc_lin,True,0.0840997695922851
20,5,7,opt,pauli,cyclic,True,0.0285725593566894
20,5,7,opt,pauli,linear,True,0.0543868541717529
20,5,8,gm,comp,cyclic,False,0.0101821422576904
20,5,8,gm,pauli,cyc_lin,False,0.0411827564239501
20,5,8,gm,pauli,cyclic,False,0.0217711925506591
20,5,8,gm,pauli,linear,False,0.0302488803863525
20,5,8,opt,comp,cyclic,True,0.0109245777130126
20,5,8,opt,pauli,cyc_lin,True,0.0617694854736328
20,5,8,opt,pauli,cyclic,True,0.0211975574493408
20,5,8,opt,pauli,linear,True,0.04952073097229
20,5,9,gm,comp,cyclic,False,0.0188071727752685
20,5,9,gm,pauli,cyc_lin,False,0.0827414989471435
20,5,9,gm,pauli,cyclic,False,0.0408906936645507
20,5,9,gm,pauli,linear,False,0.0632135868072509
20,5,9,opt,comp,cyclic,True,0.0177245140075683
20,5,9,opt,pauli,cyc_lin,True,0.1019129753112793
20,5,9,opt,pauli,cyclic,True,0.0330560207366943
20,5,9,opt,pauli,linear,True,0.1072931289672851
20,10,0,gm,comp,cyclic,False,0.0940160751342773
20,10,0,gm,pauli,cyc_lin,False,0.1209995746612548
20,10,0,gm,pauli,cyclic,TIMEOUT,60.08453845977783
20,10,0,gm,pauli,linear,False,0.0637645721435546
20,10,0,opt,comp,cyclic,True,0.0712666511535644
20,10,0,opt,pauli,cyc_lin,True,0.1576077938079834
20,10,0,opt,pauli,cyclic,TIMEOUT,60.099196434021
20,10,0,opt,pauli,linear,True,0.1160907745361328
20,10,1,gm,comp,cyclic,False,0.0632226467132568
20,10,1,gm,pauli,cyc_lin,False,0.186589241027832
20,10,1,gm,pauli,cyclic,False,8.993517398834229
20,10,1,gm,pauli,linear,False,0.0870668888092041
20,10,1,opt,comp,cyclic,True,0.0628776550292968
20,10,1,opt,pauli,cyc_lin,True,0.2286562919616699
20,10,1,opt,pauli,cyclic,True,10.756513357162476
20,10,1,opt,pauli,linear,True,0.1489269733428955
20,10,2,gm,comp,cyclic,False,0.0349950790405273
20,10,2,gm,pauli,cyc_lin,False,0.1093933582305908
20,10,2,gm,pauli,cyclic,False,5.164352655410767
20,10,2,gm,pauli,linear,False,0.0555667877197265
20,10,2,opt,comp,cyclic,True,0.0263144969940185
20,10,2,opt,pauli,cyc_lin,True,0.151651382446289
20,10,2,opt,pauli,cyclic,True,4.2535789012908936
20,10,2,opt,pauli,linear,True,0.0793702602386474
20,10,3,gm,comp,cyclic,False,0.0870916843414306
20,10,3,gm,pauli,cyc_lin,False,0.2333567142486572
20,10,3,gm,pauli,cyclic,False,6.092618227005005
20,10,3,gm,pauli,linear,False,0.1976861953735351
20,10,3,opt,comp,cyclic,True,0.0836923122406005
20,10,3,opt,pauli,cyc_lin,True,0.3631889820098877
20,10,3,opt,pauli,cyclic,True,3.078887939453125
20,10,3,opt,pauli,linear,True,0.3350393772125244
20,10,4,gm,comp,cyclic,False,0.1203572750091552
20,10,4,gm,pauli,cyc_lin,False,0.1570789813995361
20,10,4,gm,pauli,cyclic,TIMEOUT,60.11857986450195
20,10,4,gm,pauli,linear,False,0.0875792503356933
20,10,4,opt,comp,cyclic,True,0.1493988037109375
20,10,4,opt,pauli,cyc_lin,True,0.268101692199707
20,10,4,opt,pauli,cyclic,TIMEOUT,60.15478801727295
20,10,4,opt,pauli,linear,True,0.1647088527679443
20,10,5,gm,comp,cyclic,False,0.0932404994964599
20,10,5,gm,pauli,cyc_lin,False,0.2326979637145996
20,10,5,gm,pauli,cyclic,False,3.940746307373047
20,10,5,gm,pauli,linear,False,0.0706031322479248
20,10,5,opt,comp,cyclic,True,0.1035060882568359
20,10,5,opt,pauli,cyc_lin,True,0.2864360809326172
20,10,5,opt,pauli,cyclic,True,5.057459115982056
20,10,5,opt,pauli,linear,True,0.1387093067169189
20,10,6,gm,comp,cyclic,False,0.079409122467041
20,10,6,gm,pauli,cyc_lin,False,0.0957753658294677
20,10,6,gm,pauli,cyclic,False,1.998380422592163
20,10,6,gm,pauli,linear,False,0.0750403404235839
20,10,6,opt,comp,cyclic,True,0.1058149337768554
20,10,6,opt,pauli,cyc_lin,True,0.1720068454742431
20,10,6,opt,pauli,cyclic,True,11.758745908737184
20,10,6,opt,pauli,linear,True,0.09564208984375
20,10,7,gm,comp,cyclic,False,0.0195918083190917
20,10,7,gm,pauli,cyc_lin,False,0.1760270595550537
20,10,7,gm,pauli,cyclic,False,0.5545618534088135
20,10,7,gm,pauli,linear,False,0.0759317874908447
20,10,7,opt,comp,cyclic,True,0.0196115970611572
20,10,7,opt,pauli,cyc_lin,True,0.1778829097747802
20,10,7,opt,pauli,cyclic,True,0.8432586193084717
20,10,7,opt,pauli,linear,True,0.1035263538360595
20,10,8,gm,comp,cyclic,False,0.0215654373168945
20,10,8,gm,pauli,cyc_lin,False,0.1705312728881836
20,10,8,gm,pauli,cyclic,False,4.772324800491333
20,10,8,gm,pauli,linear,False,0.0485889911651611
20,10,8,opt,comp,cyclic,True,0.0230448246002197
20,10,8,opt,pauli,cyc_lin,True,0.1701188087463379
20,10,8,opt,pauli,cyclic,True,3.811132907867432
20,10,8,opt,pauli,linear,True,0.0721373558044433
20,10,9,gm,comp,cyclic,False,0.1900842189788818
20,10,9,gm,pauli,cyc_lin,False,0.1694672107696533
20,10,9,gm,pauli,cyclic,TIMEOUT,60.07642316818237
20,10,9,gm,pauli,linear,False,0.1251702308654785
20,10,9,opt,comp,cyclic,True,0.1888561248779297
20,10,9,opt,pauli,cyc_lin,True,0.1689751148223877
20,10,9,opt,pauli,cyclic,TIMEOUT,60.09730792045593
20,10,9,opt,pauli,linear,True,0.2128911018371582
20,50,0,gm,comp,cyclic,TIMEOUT,60.190088987350464
20,50,0,gm,pauli,cyc_lin,TIMEOUT,60.021124601364136
20,50,0,gm,pauli,cyclic,TIMEOUT,60.01865839958191
20,50,0,gm,pauli,linear,False,0.2606027126312256
20,50,0,opt,comp,cyclic,TIMEOUT,60.189220666885376
20,50,0,opt,pauli,cyc_lin,TIMEOUT,60.0839569568634
20,50,0,opt,pauli,cyclic,TIMEOUT,60.02212357521057
20,50,0,opt,pauli,linear,TIMEOUT,60.16296911239624
20,50,1,gm,comp,cyclic,TIMEOUT,60.26529479026794
20,50,1,gm,pauli,cyc_lin,TIMEOUT,60.04999828338623
20,50,1,gm,pauli,cyclic,TIMEOUT,60.172170877456665
20,50,1,gm,pauli,linear,False,0.3879468441009521
20,50,1,opt,comp,cyclic,TIMEOUT,60.12765145301819
20,50,1,opt,pauli,cyc_lin,TIMEOUT,60.056320667266846
20,50,1,opt,pauli,cyclic,TIMEOUT,60.03515005111694
20,50,1,opt,pauli,linear,TIMEOUT,60.25874185562134
20,50,2,gm,comp,cyclic,TIMEOUT,60.11264753341675
20,50,2,gm,pauli,cyc_lin,TIMEOUT,60.05221772193909
20,50,2,gm,pauli,cyclic,TIMEOUT,60.024596214294434
20,50,2,gm,pauli,linear,False,0.7241108417510986
20,50,2,opt,comp,cyclic,TIMEOUT,60.14564847946167
20,50,2,opt,pauli,cyc_lin,TIMEOUT,60.06503486633301
20,50,2,opt,pauli,cyclic,TIMEOUT,60.0277943611145
20,50,2,opt,pauli,linear,TIMEOUT,61.287150382995605
20,50,3,gm,comp,cyclic,TIMEOUT,60.11976957321167
20,50,3,gm,pauli,cyc_lin,TIMEOUT,60.01894307136536
20,50,3,gm,pauli,cyclic,TIMEOUT,60.02147102355957
20,50,3,gm,pauli,linear,False,1.2398889064788818
20,50,3,opt,comp,cyclic,TIMEOUT,60.11815118789673
20,50,3,opt,pauli,cyc_lin,TIMEOUT,60.01892066001892
20,50,3,opt,pauli,cyclic,TIMEOUT,60.01931381225586
20,50,3,opt,pauli,linear,TIMEOUT,60.18645548820496
20,50,4,gm,comp,cyclic,TIMEOUT,60.187368392944336
20,50,4,gm,pauli,cyc_lin,TIMEOUT,60.05399918556213
20,50,4,gm,pauli,cyclic,TIMEOUT,60.03545165061951
20,50,4,gm,pauli,linear,False,50.99165940284729
20,50,4,opt,comp,cyclic,TIMEOUT,60.12260031700134
20,50,4,opt,pauli,cyc_lin,TIMEOUT,60.08720541000366
20,50,4,opt,pauli,cyclic,TIMEOUT,60.01901531219482
20,50,4,opt,pauli,linear,TIMEOUT,60.25920271873474
20,50,5,gm,comp,cyclic,TIMEOUT,71.52978610992432
20,50,5,gm,pauli,cyc_lin,TIMEOUT,60.02941942214966
20,50,5,gm,pauli,cyclic,TIMEOUT,60.028924226760864
20,50,5,gm,pauli,linear,TIMEOUT,82.39018964767456
20,50,5,opt,comp,cyclic,TIMEOUT,60.15069508552551
20,50,5,opt,pauli,cyc_lin,TIMEOUT,60.34190249443054
20,50,5,opt,pauli,cyclic,TIMEOUT,60.03468203544617
20,50,5,opt,pauli,linear,TIMEOUT,91.1796054840088
20,50,6,gm,comp,cyclic,TIMEOUT,60.20897316932678
20,50,6,gm,pauli,cyc_lin,TIMEOUT,60.144644260406494
20,50,6,gm,pauli,cyclic,TIMEOUT,60.02594304084778
20,50,6,gm,pauli,linear,False,0.4002690315246582
20,50,6,opt,comp,cyclic,TIMEOUT,60.13165831565857
20,50,6,opt,pauli,cyc_lin,TIMEOUT,60.03192090988159
20,50,6,opt,pauli,cyclic,TIMEOUT,60.03492498397827
20,50,6,opt,pauli,linear,TIMEOUT,60.13417744636536
20,50,7,gm,comp,cyclic,TIMEOUT,60.06695032119751
20,50,7,gm,pauli,cyc_lin,TIMEOUT,60.03006720542908
20,50,7,gm,pauli,cyclic,TIMEOUT,60.06825804710388
20,50,7,gm,pauli,linear,TIMEOUT,60.21241855621338
20,50,7,opt,comp,cyclic,TIMEOUT,60.06815671920776
20,50,7,opt,pauli,cyc_lin,TIMEOUT,60.01831603050232
20,50,7,opt,pauli,cyclic,TIMEOUT,60.07122254371643
20,50,7,opt,pauli,linear,TIMEOUT,60.18477368354797
20,50,8,gm,comp,cyclic,TIMEOUT,60.120617151260376
20,50,8,gm,pauli,cyc_lin,TIMEOUT,60.080991983413696
20,50,8,gm,pauli,cyclic,TIMEOUT,60.020339250564575
20,50,8,gm,pauli,linear,TIMEOUT,60.26849961280823
20,50,8,opt,comp,cyclic,TIMEOUT,60.14587020874024
20,50,8,opt,pauli,cyc_lin,TIMEOUT,60.018571853637695
20,50,8,opt,pauli,cyclic,TIMEOUT,60.06070637702942
20,50,8,opt,pauli,linear,TIMEOUT,60.24752879142761
20,50,9,gm,comp,cyclic,TIMEOUT,60.18002128601074
20,50,9,gm,pauli,cyc_lin,TIMEOUT,60.06364226341248
20,50,9,gm,pauli,cyclic,TIMEOUT,60.05218815803528
20,50,9,gm,pauli,linear,False,4.116816282272339
20,50,9,opt,comp,cyclic,TIMEOUT,60.799079179763794
20,50,9,opt,pauli,cyc_lin,TIMEOUT,60.03518915176392
20,50,9,opt,pauli,cyclic,TIMEOUT,68.57241916656494
20,50,9,opt,pauli,linear,TIMEOUT,60.27656674385071
20,100,0,gm,comp,cyclic,TIMEOUT,60.09416627883911
20,100,0,gm,pauli,cyc_lin,TIMEOUT,60.05085039138794
20,100,0,gm,pauli,cyclic,TIMEOUT,60.056640625
20,100,0,gm,pauli,linear,TIMEOUT,60.30148458480835
20,100,0,opt,comp,cyclic,TIMEOUT,60.094974994659424
20,100,0,opt,pauli,cyc_lin,TIMEOUT,60.03491449356079
20,100,0,opt,pauli,cyclic,TIMEOUT,60.03110885620117
20,100,0,opt,pauli,linear,TIMEOUT,60.29206919670105
20,100,1,gm,comp,cyclic,TIMEOUT,60.137603759765625
20,100,1,gm,pauli,cyc_lin,TIMEOUT,60.053221464157104
20,100,1,gm,pauli,cyclic,TIMEOUT,60.08143353462219
20,100,1,opt,comp,cyclic,TIMEOUT,60.14847826957703
20,100,1,opt,pauli,cyc_lin,TIMEOUT,60.03260064125061
20,100,1,opt,pauli,cyclic,TIMEOUT,60.09287142753601
20,100,3,gm,comp,cyclic,TIMEOUT,60.102028369903564
20,100,3,gm,pauli,cyc_lin,TIMEOUT,60.039069175720215
20,100,3,gm,pauli,cyclic,TIMEOUT,60.03377294540405
20,100,3,opt,comp,cyclic,TIMEOUT,60.11494135856629
20,100,3,opt,pauli,cyc_lin,TIMEOUT,60.09153866767883
20,100,3,opt,pauli,cyclic,TIMEOUT,60.0356764793396
20,150,1,gm,comp,cyclic,TIMEOUT,60.16856479644776
20,150,1,gm,pauli,cyc_lin,TIMEOUT,60.13511085510254
20,150,1,gm,pauli,cyclic,TIMEOUT,60.114354848861694
20,150,1,gm,pauli,linear,TIMEOUT,60.3562605381012
20,150,1,opt,comp,cyclic,TIMEOUT,60.15327072143555
20,150,1,opt,pauli,cyc_lin,TIMEOUT,60.050963163375854
20,150,1,opt,pauli,cyclic,TIMEOUT,60.0455846786499
20,150,1,opt,pauli,linear,TIMEOUT,60.34567213058472
20,150,4,gm,comp,cyclic,TIMEOUT,60.129746437072754
20,150,4,gm,pauli,cyc_lin,TIMEOUT,60.05312561988831
20,150,4,gm,pauli,cyclic,TIMEOUT,60.04698634147644
20,150,4,gm,pauli,linear,TIMEOUT,60.27773141860962
20,150,4,opt,comp,cyclic,TIMEOUT,60.1669819355011
20,150,4,opt,pauli,cyc_lin,TIMEOUT,60.1246292591095
20,150,4,opt,pauli,cyclic,TIMEOUT,60.092588901519775
20,150,4,opt,pauli,linear,TIMEOUT,60.30772495269776
20,150,5,gm,comp,cyclic,TIMEOUT,60.17659401893616
20,150,5,gm,pauli,cyc_lin,TIMEOUT,60.1114296913147
20,150,5,gm,pauli,cyclic,TIMEOUT,60.04923105239868
20,150,5,gm,pauli,linear,TIMEOUT,60.32977151870728
20,150,5,opt,comp,cyclic,TIMEOUT,60.14478754997253
20,150,5,opt,pauli,cyc_lin,TIMEOUT,60.0985746383667
20,150,5,opt,pauli,cyclic,TIMEOUT,60.07597708702088
20,150,5,opt,pauli,linear,TIMEOUT,60.34488892555237
20,150,6,gm,comp,cyclic,TIMEOUT,60.14540052413941
20,150,6,gm,pauli,cyc_lin,TIMEOUT,60.10909533500672
20,150,6,gm,pauli,cyclic,TIMEOUT,60.11572360992432
20,150,6,gm,pauli,linear,TIMEOUT,60.30247378349304
20,150,6,opt,comp,cyclic,TIMEOUT,60.13756155967712
20,150,6,opt,pauli,cyc_lin,TIMEOUT,60.10665535926819
20,150,6,opt,pauli,cyclic,TIMEOUT,60.09196329116821
20,150,6,opt,pauli,linear,TIMEOUT,60.29007077217102
20,200,0,gm,comp,cyclic,TIMEOUT,60.17550349235535
20,200,0,gm,pauli,cyc_lin,TIMEOUT,60.06240344047546
20,200,0,gm,pauli,cyclic,TIMEOUT,60.06231427192688
20,200,0,opt,comp,cyclic,TIMEOUT,60.14744257926941
20,200,0,opt,pauli,cyc_lin,TIMEOUT,60.06236743927002
20,200,0,opt,pauli,cyclic,TIMEOUT,60.10836219787598
20,200,3,gm,comp,cyclic,TIMEOUT,60.18803119659424
20,200,3,gm,pauli,cyc_lin,TIMEOUT,60.06332921981812
20,200,3,gm,pauli,cyclic,TIMEOUT,60.08843660354614
20,200,3,opt,comp,cyclic,TIMEOUT,60.155704975128174
20,200,3,opt,pauli,cyc_lin,TIMEOUT,60.13978219032288
20,200,3,opt,pauli,cyclic,TIMEOUT,60.06081771850586
20,200,7,gm,comp,cyclic,TIMEOUT,60.13641095161438
20,200,7,gm,pauli,cyc_lin,TIMEOUT,60.1416015625
20,200,7,gm,pauli,cyclic,TIMEOUT,60.06213164329529
20,200,7,opt,comp,cyclic,TIMEOUT,60.15264797210693
20,200,7,opt,pauli,cyc_lin,TIMEOUT,60.09583568572998
20,200,7,opt,pauli,cyclic,TIMEOUT,60.06330180168152
